timestamp,omega_eng(t),omega_load(t),delta_w(t)
0.0,0.0,0.0,0.0
0.005,0.14960483055468662,0.0018634165282398248,0.1477414140264468
0.01,0.5395095296816576,0.022102132535483154,0.5174073971461743
0.015,1.0461273592528906,0.09133103484248833,0.9547963244104023
0.02,1.5454740839837284,0.24002875443404142,1.305445329549687
0.025,1.9566014799077796,0.48770941388639844,1.4688920660213811
0.03,2.261296347946978,0.8380677997558266,1.4232285481911515
0.035,2.4989551768124056,1.2803391011133187,1.218616075699087
0.04,2.743301790770014,1.7951788543501177,0.9481229364198964
0.045,3.0720901224908164,2.3622617405287674,0.709828381962049
0.05,3.54091592815535,2.966816861280653,0.5740990668746968
0.055,4.168791690717874,3.6031964935709397,0.565595197146934
0.06,4.938024570183801,4.274860293828119,0.6631642763556824
0.065,5.805968915360795,4.991398891635652,0.8145700237251434
0.07,6.722832573117226,5.764063433768849,0.9587691393483766
0.075,7.648719905592339,6.601508518746324,1.0472113868460147
0.08,8.564491468653507,7.507098837525604,1.0573926311279038
0.085,9.47398918488006,8.478382633306834,0.9956065515732249
0.09,10.39843841605153,9.508518515564887,0.8899199004866425
0.095,11.366229552096652,10.588847052495973,0.7773824996006784
0.1,12.402180076534217,11.711578739079158,0.6906013374550586
0.105,13.519797622988447,12.871719951500395,0.6480776714880516
0.11,14.718482180208616,14.067757551792324,0.6507246284162918
0.115,15.985700134325992,15.301100372901248,0.6845997614247441
0.12,17.302579484744445,16.574670611849523,0.7279088728949219
0.125,18.650552782058764,17.891241289732033,0.7593114923267308
0.13,20.016747085701255,19.252094732493514,0.7646523532077403
0.135,21.396617818997505,20.656375203282767,0.7402426157147382
0.14,22.793465723821488,22.10122207496978,0.6922436488517079
0.145,24.21553330134572,23.582505892979775,0.633027408365944
0.15,25.672024075383476,25.095829284250286,0.5761947911331902
0.155,27.169493234195336,26.637430171113223,0.5320630630821128
0.16,28.709687444238256,28.204719057039377,0.504968387198879
0.165,30.28926708199432,29.796344239117737,0.4929228428765846
0.17,31.90117569245676,31.411846013825443,0.48932967863131793
0.175,33.53694226967406,33.05108011435431,0.48586215531974375
0.18,35.18902995907012,34.71363257617505,0.4753973828950677
0.185,36.852482028387364,36.398412864470814,0.45406916391655017
0.19,38.525466448721964,38.10352374530964,0.4219427034123271
0.195,40.20873660053069,39.82640210873653,0.3823344917941611
0.2,41.904364359705916,41.56414052128325,0.34022383842266635
0.205,43.61426964000771,43.31385790511108,0.30041173489663464
0.21,45.3390444188798,45.072994912412824,0.26604950646697745
0.215,47.0773913505315,46.83945456603863,0.2379367844928666
0.22,48.82624932611863,48.61157091729535,0.21467840882327494
0.225,50.58145029678613,50.38794542039761,0.19350487638852343
0.23,52.33861132955376,52.167225512455424,0.1713858170983329
0.235,54.09394228042422,53.94790538581516,0.1460368946090611
0.24,55.84473024108321,55.728208388993956,0.11652185208925658
0.245,57.58940397667888,57.50607476581672,0.08332921086216061
0.25,59.32722987751341,59.27924134243439,0.04798853507902123
0.255,61.05779786163365,61.04537318301385,0.012424678619801455
0.26,62.78053325643746,62.80218807622031,-0.021654819782852996
0.265,64.49472182415445,64.54745241492228,-0.052730590767822605
0.27,66.19897373175712,66.27911716210342,-0.0801434303462969
0.275,67.89084589559066,67.99541341581936,-0.10456752022869864
0.28,69.56719710527064,69.6947648309322,-0.1275677256615637
0.285,71.2247433544727,71.37565056917201,-0.15090721469931623
0.29,72.86057745929536,73.03647784880589,-0.17590038951053089
0.295,74.4724789205536,74.6755074371016,-0.20302851654800236
0.3,76.05894271810638,76.29084959081668,-0.2319068727102973
0.305,77.61896498917422,77.88052061640137,-0.2615556272271533
0.31,79.15170107773613,79.44253094005241,-0.29082986231627217
0.315,80.65613594409942,80.97496961863808,-0.3188336745386664
0.32,82.13087891249832,82.47605738753664,-0.345178475038324
0.325,83.57413282130784,83.94415592247789,-0.3700231011700481
0.33,84.98381902975373,85.37773816309745,-0.3939191333437151
0.335,86.35778928776591,86.77533709921198,-0.4175478114460702
0.34,87.69403746319844,88.13549482227717,-0.44145735907872563
0.345,88.99083912580653,89.45672979081695,-0.46589066501042
0.35,90.24678411334708,90.73753090932077,-0.490746795973692
0.355,91.46070985509417,91.97637634169949,-0.5156664866053262
0.36,92.63157581202671,93.17176686682592,-0.5401910547992088
0.365,93.75833250190935,94.32226036774071,-0.56392786583136
0.37,94.83983112737052,95.42649597283402,-0.5866648454635026
0.375,95.87479796706417,96.48320187649931,-0.6084039094351397
0.38,96.86187142384023,97.49118744665523,-0.6293160228150043
0.385,97.79967868597387,98.44932544399016,-0.6496467580162886
0.39,98.68691953403928,99.35653249741559,-0.6696129633763093
0.395,99.52242807714407,100.2117551276786,-0.6893270505345299
0.4,100.30519577289719,101.01396543926393,-0.7087696663667344
0.405,101.03435506123901,101.76216659622968,-0.7278115349906642
0.41,101.70913631687915,102.45540486232821,-0.7462685454490554
0.415,102.32881754916828,103.0927833258613,-0.763965776693027
0.42,102.89268527367135,103.67347270538903,-0.7807874317176839
0.425,103.40001796578403,104.19671640500663,-0.7966984392225953
0.43,103.85009391407044,104.66182939433612,-0.811735480265682
0.435,104.24221679685188,105.0681926085188,-0.8259758116669218
0.44,104.57574755433762,105.4152457394802,-0.839498185142574
0.445,104.85012205448788,105.70248354108281,-0.8523614865949298
0.45,105.06482471430414,105.92946306110294,-0.8646383467987988
0.455,105.21944620842092,106.09578979048257,-0.8763435820616507
0.46,105.31370492849959,106.20111286570928,-0.8874079372096872
0.465,105.3474227891187,106.24513160053459,-0.897708811415896
0.47,105.32049042180525,106.22760455665583,-0.9071141348505876
0.475,105.23283557692133,106.14835769400081,-0.9155221170794761
0.48,105.08440467501377,106.00728912600789,-0.9228844509941183
0.485,104.87516126683019,105.80436955958349,-0.9292082927533016
0.49,104.60509892222359,105.53963905982249,-0.9345401375989013
0.495,104.27426177874828,105.21320184585865,-0.9389400671103658
0.5,103.8827646758362,104.82522114086592,-0.9424564650297214
0.505,103.43080635804903,104.37591570053007,-0.9451093424810466
0.51,102.91867262361022,103.86555879010425,-0.9468861664940249
0.515,102.3467300888286,103.29447943019618,-0.947749341367583
0.52,101.7154141344865,102.66306501049348,-0.947650876006989
0.525,101.02521582480811,101.97176407002176,-0.9465482452136484
0.53,100.2766720510025,101.22108818308315,-0.9444161320806472
0.535,99.47036134167722,100.41161234677725,-0.9412510051000282
0.54,98.60690551241696,99.54397383518092,-0.9370683227639631
0.545,97.68697540738324,98.61886996410209,-0.931894556718845
0.55,96.71129796824026,97.63705546182541,-0.9257574935851522
0.555,95.68066191311661,96.59934012594523,-0.9186782128286239
0.56,94.59592021445636,95.50658721702243,-0.9106670025660719
0.565,93.45798888686633,94.359712707871,-0.9017238210046656
0.57,92.26784283833895,93.15968519699854,-0.8918423586595878
0.575,91.02651032587139,91.90752609939135,-0.8810157735199624
0.58,89.73506770787203,90.60430969215055,-0.8692419842785171
0.585,88.39463578026715,89.25116269583373,-0.856526915566576
0.59,87.00637824366598,87.84926325845593,-0.8428850147899567
0.595,85.57150206157387,86.3998394061792,-0.8283373446053304
0.6,84.09125889983132,84.90416716652963,-0.8129082666983152
0.605,82.56694662426818,83.36356862214477,-0.7966219978765849
0.61,80.9999099785022,81.77941011565386,-0.7795001371516577
0.615,79.391539961645,80.153100726022,-0.761560764377009
0.62,77.74327190425174,78.48609101681517,-0.7428191125634243
0.625,76.056582637369,76.77987195802547,-0.7232893206564626
0.63,74.33298735296302,75.03597387294093,-0.7029865199779124
0.635,72.57403673502546,73.25596526709938,-0.6819285320739255
0.64,70.78131474373586,71.4414514462531,-0.6601367025172351
0.645,68.95643715318066,69.59407290108268,-0.6376357479020243
0.65,67.10105067911984,67.71550350240071,-0.614452823280871
0.655,65.21683236669924,65.80744859193683,-0.5906162252375964
0.66,63.305488873847096,63.8716430619346,-0.5661541880875021
0.665,61.36875537211679,61.90984949490305,-0.5410941227862622
0.67,59.408393945227004,59.92385639502834,-0.5154624498013334
0.675,57.42619153458774,57.91547650048394,-0.4892849658962035
0.68,55.42395760617396,55.88654513478899,-0.46258752861503183
0.685,53.40352176287572,53.838918543208095,-0.4353967803323755
0.69,51.36673149841037,51.77447216749316,-0.4077406690827914
0.695,49.3154502051639,49.695098833415386,-0.3796486282514877
0.7,47.251555444568574,47.60270685157331,-0.35115140700473546
0.705,45.17693740052487,45.49921805394851,-0.32228065342363976
0.71,43.09349738867016,43.3865658005035,-0.29306841183333887
0.715,41.00314629485589,41.266692989807794,-0.26354669495190564
0.72,38.907802856581675,39.14155009747156,-0.2337472408898833
0.725,36.80939176202399,37.013093250876246,-0.20370148885225348
0.73,34.70984160022169,34.883282333977334,-0.1734407337556476
0.735,32.61108273505881,32.75407910625806,-0.1429963711992528
0.74,30.515045186139492,30.627445317404636,-0.1124001312651437
0.745,28.423656583222787,28.505340803472794,-0.08168422025000766
0.75,26.33884022709304,26.3897215588278,-0.05088133173476095
0.755,24.26251325207715,24.282537787564436,-0.020024535487287665
0.76,22.196577862449335,22.185733693057987,0.010844169391347691
0.765,20.142579726129906,20.1013303314214,0.04124939470850464
0.77,18.101725552944462,18.03141826075875,0.07030729218571352
0.775,16.07563026280011,15.977968504159884,0.09766175864022664
0.78,14.066391275590437,13.942812248126028,0.12357902746440885
0.785,12.076428198593113,11.927679129017323,0.14874906957579093
0.79,10.108228031293127,9.934258891037796,0.1739691402553305
0.795,8.16410199251825,7.964259842262052,0.19984215025619712
0.8,6.2460365297236695,6.019443542576838,0.22659298714683196
0.805,4.355673963637092,4.1016270087317634,0.2540469549053288
0.81,2.4944070335177737,2.2126565295609146,0.2817505039568591
0.815,0.6635346392643259,0.3543663809784827,0.30916825828584316
0.82,-1.1355862542649051,-1.4714612636892883,0.3358750094243832
0.825,-2.901445178821871,-3.263122109919916,0.361676931098045
0.83,-4.632363226716806,-5.018995283214306,0.38663205649749965
0.835,-6.326550608930567,-6.737530734198207,0.4109801252676393
0.84,-7.982204942555603,-8.417226519052313,0.4350215764967107
0.845,-9.597609860454346,-10.056606080252793,0.45899621979844696
0.85,-11.17120037685006,-11.654203894779776,0.48300351792971696
0.855,-12.701578705066058,-13.208563509704458,0.5069848046383996
0.86,-14.187484117139,-14.718247004234948,0.530762887095948
0.865,-15.627735623131477,-16.181851135378892,0.5541155122474155
0.87,-17.021172318561987,-17.598023935158682,0.576851616596695
0.875,-18.366612697970638,-18.965476445488434,0.5988637475177967
0.88,-19.662844018282577,-20.282986848878444,0.6201428305958672
0.885,-20.908640523798702,-21.5493973303136,0.6407568065148972
0.89,-22.10279967717354,-22.763606412129672,0.6608067349561324
0.895,-23.244181305378948,-23.92456054577673,0.6803792403977802
0.9,-24.33173616717208,-25.031248327612456,0.6995121604403742
0.905,-25.3645164442702,-26.08269919301404,0.718182748743839
0.91,-26.341668067335206,-27.077986586174273,0.7363185188390666
0.915,-27.262410960683763,-28.016234064435753,0.7538231037519907
0.92,-28.126016274909446,-28.896622059157693,0.7706057842482466
0.925,-28.93178910314999,-29.71839317017901,0.7866040670290211
0.93,-29.679061716624332,-30.48085474470807,0.8017930280837362
0.935,-30.36719807342515,-31.18337856554303,0.8161804921178799
0.94,-30.99560619540456,-31.82539851079847,0.8297923153939095
0.945,-31.56375317946229,-32.40640750020948,0.8426543207471937
0.95,-32.07117741786445,-32.92595508319911,0.8547776653346659
0.955,-32.517494698091795,-33.38364649449666,0.8661517964048642
0.96,-32.90239722239933,-33.77914340840887,0.8767461860095409
0.965,-33.225625778222096,-34.11217131688069,0.886545538658595
0.97,-33.48693623547256,-34.38252819677632,0.895591961303758
0.975,-33.68616908913745,-34.590067371783256,0.9038982826458053
0.98,-33.82326383619012,-34.734694149282156,0.9114303130920334
0.985,-33.898247830997356,-34.8163687588943,0.9181209278969433
0.99,-33.9112177096784,-34.835111053512776,0.9238933438343793
0.995,-33.862321080458884,-34.79100504396223,0.9286839635033459
1.0,-33.75174449047424,-34.684201769427695,0.9324572789534571
1.005,-33.57971042352909,-34.51491982530965,0.9352094017805541
1.01,-33.34648271116873,-34.283443714153805,0.9369610029850719
1.015,-33.052376945942385,-33.99012088171273,0.9377439357703423
1.02,-32.697771540111404,-33.635358531138614,0.9375869910272101
1.025,-32.283115647448014,-33.21962115884332,0.9365055113953034
1.03,-31.80893173322879,-32.7434293623894,0.9344976291606102
1.035,-31.275812781793466,-32.207359915170045,0.9315471333765792
1.04,-30.68441582776803,-31.61204668221036,0.9276308544423273
1.045,-30.035454276179628,-30.958181757534387,0.9227274813547588
1.05,-29.329691584239843,-30.246516182853682,0.9168245986138395
1.055,-28.567937785695094,-29.477859878268454,0.9099220925733604
1.06,-27.751049255936138,-28.653080693247457,0.9020314373113187
1.065,-26.879930991381435,-27.773102762574194,0.8931717711927583
1.07,-25.955539888048282,-26.83890454920232,0.8833646611540367
1.075,-24.978887584610636,-25.85151693489302,0.8726293502823843
1.08,-23.951041660222675,-24.812021660964724,0.8609800007420496
1.085,-22.873124815999834,-23.721550210334428,0.8484253943345941
1.09,-21.746312285890674,-22.581283068521714,0.8349707826310393
1.095,-20.571828265233545,-21.3924491675729,0.8206209023393534
1.1,-19.350942307278068,-20.15632527337072,0.805382966092651
1.105,-18.08496639387806,-18.874235144160593,0.7892687502825346
1.11,-16.7752531589965,-17.547548342125406,0.7722951831289073
1.115,-15.423195188038035,-16.17767872200363,0.7544835339655958
1.12,-14.030224993498491,-14.76608269675485,0.7358577032563591
1.125,-12.597815135752192,-13.314257418780146,0.7164422830279538
1.13,-11.127477988823566,-11.823739001140407,0.6962610123168407
1.135,-9.620764787472238,-10.296100869789127,0.675336082316889
1.14,-8.079263947212013,-8.732952252060485,0.6536883048484725
1.145,-6.50459880211229,-7.13593676692769,0.6313379648154003
1.15,-4.898425098935947,-5.506731031387734,0.6083059324517865
1.155,-3.2624285537429247,-3.8470432090893936,0.5846146553464688
1.16,-1.5983227285067003,-2.158611441348738,0.5602887128420377
1.165,0.09215269361653348,-0.4432021403797185,0.5353548339962519
1.17,1.8072332835454148,1.2973918391432269,0.5098414444021879
1.175,3.5451310685581965,3.061353102863497,0.48377796569469966
1.18,5.304035752109011,4.846841644619336,0.45719410748967526
1.185,7.082116121297381,6.651996753496278,0.4301193678011028
1.19,8.877521733374417,8.474938878689255,0.4025828546851624
1.195,10.68838486790192,10.313771449818914,0.3746134180830065
1.2,12.512822658060225,12.166582674045593,0.3462399840146322
1.205,14.348939280005023,14.031447337667947,0.31749194233707634
1.21,16.19482809414492,15.906428637331343,0.28839945681357726
1.215,18.048573640002214,17.78958006113232,0.2589935788698945
1.22,19.908253504748142,19.67894731390528,0.22930619084286263
1.225,21.771940062405733,21.572570283949513,0.1993697784562194
1.23,23.637702168847593,23.468485027371585,0.16921714147600753
1.235,25.503606873021372,25.36472575312439,0.1388811198969826
1.24,27.367721232138553,27.259326783644703,0.1083944484938506
1.245,29.228114170706185,29.1503245051003,0.0777896656058843
1.25,31.08285847473369,31.035759280372897,0.04709919436079346
1.255,32.93003280638994,32.913677354431265,0.01635545195867394
1.26,34.76773934625372,34.78212884479136,-0.014389498537639156
1.265,36.59447972630834,36.63907634706655,-0.04459662075820603
1.27,38.408985712914145,38.48244018310454,-0.07345447019039852
1.275,40.20956891925572,40.31026312128302,-0.10069420202729873
1.28,41.99409358714837,42.120718935648505,-0.1266253485001343
1.285,43.76014373869649,43.912072460582536,-0.15192872188604412
1.29,45.505268232821194,45.682620414192144,-0.17735218137094932
1.295,47.22720445198535,47.43063784305779,-0.20343339107243708
1.3,48.92400676232047,49.154348568883265,-0.230341806562798
1.305,50.594051665584125,50.8519265146024,-0.25787484901827185
1.31,52.23593935678878,52.52152283177315,-0.28558347498436376
1.315,53.84834389075667,54.16130567906852,-0.31296178831185273
1.32,55.429873136556736,55.769497329295795,-0.3396241927390591
1.325,56.978985942548995,57.34439679300958,-0.3654108504605844
1.33,58.493985986936565,58.884383174619316,-0.3903971876827512
1.335,59.97308187427721,60.387902461746464,-0.41482058746925077
1.34,61.41448199434279,61.85344568089021,-0.43896368654741735
1.345,62.81648596722766,63.27952798035647,-0.4630420131288062
1.35,64.17754232792763,64.66467620001832,-0.4871338720906948
1.355,65.49625892273835,66.00742825542798,-0.5111693326896329
1.36,66.77137105949616,67.30634301588782,-0.534971956391658
1.365,68.00168616457135,68.5600159440855,-0.5583297795141533
1.37,69.18602838524406,69.76709462273769,-0.58106623749363
1.375,70.32320256128887,70.92628932335306,-0.6030867620641942
1.38,71.41198695262483,72.03637630028201,-0.6243893476571856
1.385,72.45115262372659,73.09619436948921,-0.6450417457626259
1.39,73.4394985848,74.10463752230585,-0.6651389375058443
1.395,74.3758884160929,75.06064715194128,-0.6847587358483764
1.4,75.25927605103455,75.9632069663814,-0.7039309153468594
1.405,76.08871414871949,76.8113422102466,-0.7226280615271037
1.41,76.86334563863616,77.6041230248334,-0.7407773861972373
1.415,77.58238453725674,78.34067040563217,-0.7582858683754239
1.42,78.24509458199708,79.02016261025001,-0.7750680282529316
1.425,78.85077371171269,79.64184001103759,-0.7910662993248962
1.43,79.3987485777482,80.20500735608692,-0.80625877833873
1.435,79.88837960580624,80.70903332174558,-0.8206537159393434
1.44,80.31907310594404,81.15334824089504,-0.8342751349509996
1.445,80.69029545171053,81.53744125926835,-0.8471458075578226
1.45,81.00158430030473,81.86085817401086,-0.8592738737061296
1.455,81.25255376954074,82.12320071997416,-0.8706469504334251
1.46,81.44286899444026,82.32413342799934,-0.8812644335590818
1.465,81.57222088423606,82.46339030952426,-0.8911694252881972
1.47,81.64039399704242,82.54075822553398,-0.9003642284915543
1.475,81.64727497869653,82.55607509067673,-0.9088001119801987
1.48,81.59283726877739,82.50923392611205,-0.9163966573346585
1.485,81.4771195003697,82.40018838905648,-0.9230688886867853
1.49,81.30020605849522,82.22895766002554,-0.9287516015303225
1.495,81.06221588870648,81.99562917249618,-0.9334132837897045
1.5,80.76330159119841,81.70035868783351,-0.9370570966351011
1.505,80.40365747222779,81.34336806020987,-0.9397105879820771
1.51,79.98353206953581,80.92494182132586,-0.9414097517900473
1.515,79.503240234179,80.44542381727537,-0.9421835830963659
1.52,78.96317093433255,79.90521485236658,-0.942043918034031
1.525,78.36378875672031,79.30477184091048,-0.9409830841901652
1.53,77.705629649336,78.64460832313381,-0.9389786737978056
1.535,76.98929316044777,77.92529577614434,-0.936002615696566
1.54,76.21543405275476,77.14746499814207,-0.9320309453873108
1.545,75.38475594626166,76.31180690551608,-0.9270509592544158
1.55,74.49800846848231,75.41907237542765,-0.921063906945335
1.555,73.55598795827925,74.47007113135946,-0.9140831730802148
1.56,72.55954064492407,73.46566994191228,-0.9061292969882118
1.565,71.5095665923248,72.4067905653676,-0.8972239730427987
1.57,70.40702271677048,71.2944078655384,-0.887385148767919
1.575,69.25292380904065,70.12954836138279,-0.8766245523421361
1.58,68.04834129716583,68.91328928038993,-0.8649479832240985
1.585,66.79440011900331,67.6467580168866,-0.8523578978832802
1.59,65.4922748249874,66.33113171634139,-0.8388568913539842
1.595,64.14318579873166,64.96763676726218,-0.8244509685305133
1.6,62.748396501008216,63.55754797223907,-0.8091514712308552
1.605,61.30921195565277,62.10218735231896,-0.7929753966661863
1.61,59.82697845707226,60.602922587845555,-0.775944130773297
1.615,58.30308386124455,59.06116525873482,-0.7580813974902654
1.62,56.7389578992792,57.4783690293216,-0.7394111300423987
1.625,55.136071972850004,55.85602791157383,-0.7199559387238281
1.63,53.49593811437746,54.19567468933447,-0.6997365749570079
1.635,51.82010716991503,52.49887948930787,-0.6787723193928343
1.64,50.11016637280461,50.767248454204555,-0.6570820813999418
1.645,48.36773675221996,49.00242241299871,-0.6346856607787501
1.65,46.59447068187829,47.20607547272819,-0.6116047908498956
1.655,44.792049826548435,45.37991346843461,-0.5878636418861731
1.66,42.9621836061684,43.52567224798524,-0.5634886418168392
1.665,41.106607924104715,41.64511585123848,-0.5385079271337645
1.67,39.227084076839425,39.74003461013405,-0.512950533294628
1.675,37.325397625500365,37.81224322977093,-0.4868456042705631
1.68,35.403356970089504,35.86357891077327,-0.4602219406837662
1.685,33.46279163228537,33.895899522384276,-0.4331078900989098
1.69,31.505550273372105,31.91108181111588,-0.4055315377437765
1.695,29.53349848058672,29.911019643970555,-0.377521163383836
1.7,27.548516581589684,27.897622225284803,-0.3491056436951183
1.705,25.55249749700393,25.872812282065762,-0.3203147850618322
1.71,23.547344806750427,23.83852418521203,-0.291179378461603
1.715,21.534970913818732,21.796702025332824,-0.26173111151409145
1.72,19.51729536589007,19.749297639559085,-0.23200227366901416
1.725,17.496243179342887,17.69826863020432,-0.2020254508614343
1.73,15.473743138922538,15.645576380617243,-0.1718332416947046
1.735,13.451726008596728,13.593184093051136,-0.141458084454408
1.74,11.432122606014861,11.543054853763776,-0.11093224774891475
1.745,9.416861807735437,9.497149716042355,-0.0802879083069179
1.75,7.407868497342991,7.457425801219325,-0.04955730387633395
1.755,5.407061537979994,5.425834396891692,-0.018772858911698442
1.76,3.416342562082026,3.404321363729614,0.01202119835241211
1.765,1.4372471251619292,1.3949117797550499,0.04233534540687933
1.77,-0.5289870936983003,-0.6003100404354822,0.07132294673718187
1.775,-2.4807162883872067,-2.5793787614802066,0.09866247309299991
1.78,-4.415834341856099,-4.540463821013011,0.12462947915691203
1.785,-6.3319326219507985,-6.481831299042866,0.14989867709206717
1.79,-8.226547092319661,-8.401784200069066,0.17523710774940504
1.795,-10.097390808493365,-10.298606675283986,0.20121586679062098
1.8,-11.94249362295149,-12.170531650803236,0.22803802785174554
1.805,-13.760216770176399,-14.015739802084171,0.2555230319077726
1.81,-15.549158887492265,-15.832385580983036,0.28322669349077145
1.815,-17.308005126104323,-17.618637273986415,0.31063214788209237
1.82,-19.03538183812002,-19.372715440202015,0.33733360208199414
1.825,-20.729766819076648,-21.092917270000996,0.3631504509243477
1.83,-22.389477278640612,-22.77762140753252,0.3881441288919092
1.835,-24.012727017457028,-24.425275461439806,0.4125484439827787
1.84,-25.597721717259383,-26.034374041628947,0.4366523243695646
1.845,-27.14275352718594,-27.603437049844366,0.46068352265842805
1.85,-28.646262941554095,-29.13099619702989,0.4847332554757955
1.855,-30.106852830253956,-30.615593481158182,0.508740650904226
1.86,-31.523258576819767,-32.05579057327429,0.5325319964545194
1.865,-32.89429252795445,-33.450184515970825,0.5558919880163771
1.87,-34.218786816450844,-34.79742370007655,0.5786368836257054
1.875,-35.49555482480865,-36.09621906237326,0.6006642375646081
1.88,-36.723381626272186,-37.345347950743886,0.6219663244716997
1.885,-37.901042079646786,-38.54365102209008,0.6426089424432959
1.89,-39.027335986015004,-39.69002484832405,0.6626888623090466
1.895,-40.10112572935893,-40.78341388594631,0.6822881565873828
1.9,-41.12136354851019,-41.82280501494737,0.7014414664371813
1.905,-42.08710131360898,-42.8072264097318,0.7201250961228141
1.91,-42.997482927820144,-43.735750687683726,0.7382677598635823
1.915,-43.85172520209133,-44.60750085409936,0.7557756520080261
1.92,-44.64909599642994,-45.42165683519226,0.7725608387623168
1.925,-45.38889773000726,-46.17746057446561,0.7885628444583546
1.93,-46.07046108440803,-46.874218495531295,0.8037574111232644
1.935,-46.69314947750863,-47.51130120051622,0.8181517230075883
1.94,-47.256371099830986,-48.08814121595446,0.8317701161234723
1.945,-47.75959334070626,-48.60423008591253,0.8446367452062731
1.95,-48.20235457350862,-49.05911606869196,0.8567614951833349
1.955,-48.584269911227096,-49.452403278462825,0.8681333672357283
1.96,-48.90502265865767,-49.78375432675757,0.8787316680998956
1.965,-49.16431466658175,-50.052903126397176,0.8885884598154234
1.97,-49.36191509145098,-50.25964300514335,0.8977279136923713
1.975,-49.49769542232157,-50.40381825031433,0.9061228279927604
1.98,-49.57162031435473,-50.485326634301316,0.9137063199465842
1.985,-49.58372851056576,-50.50412432374734,0.9203958131815781
1.99,-49.53411251637044,-50.4602309987715,0.9261184824010584
1.995,-49.42290399436767,-50.35373344407931,0.9308294497116378
2.0,-49.25026865544286,-50.18478667766148,0.9345180222186187
2.005,-49.016410558461935,-49.95361265191416,0.9372020934522283
2.01,-48.72158276692747,-49.660497299843605,0.9389145329161366
2.015,-48.36609953042714,-49.305787140132445,0.9396876097053024
2.02,-47.95034584339897,-48.88988647723252,0.9395406338335519
2.025,-47.47478147573464,-48.41325591832569,0.9384744425910512
2.03,-46.93993907956586,-47.87641229809901,0.9364732185331519
2.035,-46.34641785630027,-47.279929636199995,0.9335117798997246
2.04,-45.694875418851005,-46.62444046400873,0.9295650451577231
2.045,-44.986020626154954,-45.910636826499314,0.9246162003443601
2.05,-44.22060924630025,-45.139270499600634,0.9186612533003853
2.055,-43.39944318468953,-44.31115224383418,0.9117090591446484
2.06,-42.523372607107426,-43.42715026556569,0.9037776584582673
2.065,-41.59329952922938,-42.488188249746855,0.8948887205174785
2.07,-40.61018121000275,-41.49524337813541,0.8850621681326629
2.075,-39.575031940400585,-40.44934468661062,0.8743127462100375
2.08,-38.488922715502035,-39.35157188991535,0.8626491744133133
2.085,-37.35297887551901,-38.203054647733865,0.8500757722148577
2.09,-36.168376508917866,-37.0049720770819,0.8365955681640358
2.095,-34.936338631246834,-35.75855225557141,0.8222136243245757
2.1,-33.65813196585743,-34.46507151046839,0.8069395446109624
2.105,-32.335064938959974,-33.12585334384948,0.7907884048895042
2.11,-30.968486829704094,-31.742267013741326,0.773780184037232
2.115,-29.559787804268733,-30.31572583732494,0.7559380330562071
2.12,-28.11039920408868,-28.847685382905556,0.737286178816877
2.125,-26.621793535458142,-27.339641684303825,0.7178481488456825
2.13,-25.0954837638535,-25.79312957937783,0.6976458155243286
2.135,-23.533021786106353,-24.20972120789304,0.6766994217866866
2.14,-21.935996237127455,-22.59102462833488,0.6550283912074235
2.145,-20.306029960911694,-20.938682472633385,0.632652511721691
2.15,-18.644777501140453,-19.254370554235663,0.6095930530952103
2.155,-16.953922875953243,-17.53979636164387,0.5858734856906267
2.16,-15.23517780545999,-15.796697398804445,0.561519593344455
2.165,-13.490280300857913,-14.026839401954877,0.5365591010969641
2.17,-11.720993519214446,-12.232014452131866,0.51102093291742
2.175,-9.92910461872732,-10.414039060809168,0.48493444208184755
2.18,-8.116423449556054,-8.574752264684397,0.45832881512834334
2.185,-6.284780961243141,-6.71601376396475,0.4312328027216097
2.19,-4.436027289108856,-4.839702113914029,0.40367482480517314
2.195,-2.5720296477221503,-2.9477129445576384,0.3756832968354882
2.2,-0.6946701318280812,-1.0419571793129971,0.3472870474849159
2.205,1.1941564511653682,0.8756407723100059,0.31851567885536225
2.21,3.09254461909882,2.8031448718457956,0.2893997472530243
2.215,4.998580090187118,4.738609363401048,0.2599707267860696
2.22,6.910341532066127,6.680080728065414,0.23026080400071258
2.225,8.825902233117542,8.625599668785098,0.20030256433244453
2.23,10.743331803327706,10.573203091336612,0.1701287119910937
2.235,12.660697929543796,12.520926079651192,0.13977184989260394
2.24,14.576068248060187,14.466803841430773,0.10926440662941417
2.245,16.48751230970286,16.40887363165495,0.07863867804791269
2.25,18.39310360042351,18.34517665984391,0.04792694057959679
2.255,20.290921577851083,20.273759988019435,0.017161589831648172
2.26,22.179067003550053,22.192675100905678,-0.013608097355625404
2.265,24.056031161459522,24.099888180742344,-0.0438570192828216
2.27,25.920559186509376,25.993317200835914,-0.0727580143265385
2.275,27.770978204481104,27.871002061129055,-0.10002385664795099
2.28,29.605160852378503,29.731115456687583,-0.12595460430907934
2.285,31.42069083706429,31.571923320699362,-0.15123248363507358
2.29,33.215109904410596,33.3917251592607,-0.17661525485010543
2.295,34.986145453385504,35.18879950835348,-0.2026540549679794
2.3,36.731843262124535,36.96137331331849,-0.22953005119395442
2.305,38.4505757064,38.707622492125665,-0.2570467857256631
2.31,40.140944201938495,40.42569884851886,-0.2847546465803674
2.315,41.801628261990984,42.11377013314511,-0.3121418711541253
2.32,43.431243064110404,43.770057751775276,-0.3388146876648719
2.325,45.02825398671868,45.39286004660948,-0.36460605989079653
2.33,46.5909685746242,46.98055612144983,-0.3895875468256307
2.335,48.11759602677189,48.53159277934928,-0.41399675257738977
2.34,49.60634268242367,50.044462517563424,-0.4381198351397515
2.345,51.05550492197875,51.51768224419111,-0.4621773222123551
2.35,52.46352843946488,52.94978045068434,-0.48625201121945594
2.355,53.829019815696455,54.339296302845106,-0.5102764871486514
2.36,55.15071508660358,55.684789416548554,-0.5340743299449713
2.365,56.42742402263424,56.98485559467981,-0.5574315720455658
2.37,57.65797389002721,58.23814256541527,-0.5801686753880588
2.375,58.84117246040786,59.4433607917147,-0.6021883313068415
2.38,59.97580001368838,60.59928694601222,-0.6234869323238428
2.385,61.06062840519979,61.704760566615015,-0.6441321614152216
2.39,62.09445644448736,62.75867661077989,-0.6642201662925231
2.395,63.07614701781825,63.759977556087264,-0.6838305382690137
2.4,64.00465339256503,64.70764818197533,-0.7029947894102975
2.405,64.87902811215872,65.60071466162947,-0.7216865494707463
2.41,65.6984147048947,66.43824788265442,-0.7398331777597207
2.415,66.46202838796728,67.21936943321602,-0.7573410452487366
2.42,67.16913448947335,67.94325806324056,-0.7741235737672127
2.425,67.81903247557527,68.60915465088947,-0.7901221753141954
2.43,68.41105026924261,69.21636451138473,-0.8053142421421171
2.435,68.94454909065085,69.76425700361762,-0.8197079129667628
2.44,69.41893569300021,70.25226322769846,-0.833327534698256
2.445,69.8336766625556,70.67987315023424,-0.8461964876786396
2.45,70.18830983928143,71.0466333927784,-0.8583235534969731
2.455,70.48244978142966,71.35214644651697,-0.8696966650873037
2.46,70.71577243888142,71.59607500482156,-0.8803025659401413
2.465,70.88797202168871,71.77815312997596,-0.8901811082872513
2.47,70.99882420943368,71.89817076802032,-0.8993465585866431
2.475,71.04820729065763,71.9559687729291,-0.9077614822714679
2.48,71.0360899153569,71.95144220074764,-0.915352285390739
2.485,70.96251074588099,71.88454553134827,-0.9220347854672752
2.49,70.82755835579648,71.75529772705895,-0.9277393712624615
2.495,70.63135813316319,71.56378544237171,-0.9324273092085207
2.5,70.37406924432523,71.31016363256191,-0.9360943882366826
2.505,70.05589059842295,70.99465383997841,-0.9387632415554634
2.51,69.67707249292096,70.61754099476971,-0.9404685018487555
2.515,69.23792889245493,70.17916999950481,-0.9412411070498763
2.52,68.73884613570765,69.67994314425601,-0.9410970085483683
2.525,68.18028584834502,69.12031890434379,-0.940033055998768
2.53,67.56278191103965,68.50081214942168,-0.9380302383820265
2.535,66.88693341033284,67.82199528000432,-0.9350618696714719
2.54,66.15339636362539,67.08449958473811,-0.9311032211127213
2.545,65.36287685136328,66.28901616720883,-0.9261393158455462
2.55,64.51612738738446,65.43629598447218,-0.9201685970877236
2.555,63.61394682444581,64.52714893352847,-0.9132021090826541
2.56,62.65718304922933,63.56244216822152,-0.9052591189921912
2.565,61.64673668414511,62.54309810462373,-0.8963614204786197
2.57,60.583564385085445,61.470092463743214,-0.8865280786577685
2.575,59.468680245387695,60.344452729704734,-0.8757724843170394
2.58,58.3031551189856,59.16725705762905,-0.8641019386434508
2.585,57.088113816550916,57.93963365252448,-0.8515198359735621
2.59,55.82473133993165,56.662760322032135,-0.8380289821004823
2.595,54.51422914812791,55.33786396000805,-0.8236348118801402
2.6,53.157872090881355,53.96621979362721,-0.8083477027458557
2.605,51.75696661225151,52.54915025717883,-0.7921836449273201
2.61,50.31286019007841,51.088023499852746,-0.7751633097743351
2.615,48.826941498355815,49.58425166280366,-0.7573101644478442
2.62,47.30064074466598,48.03928905230032,-0.7386483076343424
2.625,45.73542952144399,46.454630389768276,-0.7192008683242861
2.63,44.132819973078504,44.831809184616354,-0.6989892115378495
2.635,42.494363149537115,43.17239626407468,-0.6780331145375627
2.64,40.82164668883379,41.477998416735524,-0.6563517279017361
2.645,39.11629223152621,39.750257061513075,-0.6339648299868657
2.65,37.379952933950385,37.99084684994858,-0.6108939159981972
2.655,35.61431137844807,36.201474129447185,-0.5871627509991129
2.66,33.82107784520273,34.38387526832951,-0.5627974231267814
2.665,32.0019889730309,32.53981485344276,-0.5378258804118659
2.67,30.15880668549563,30.671083790124253,-0.5122771046286232
2.675,28.2933170152765,28.779497394871196,-0.4861803795946962
2.68,26.407328800091705,26.866893485130944,-0.45956468503923986
2.685,24.502671951698254,24.935130551197858,-0.4324585994996042
2.69,22.58119555068152,22.986085951979522,-0.404890401298001
2.695,20.644765728885993,21.021654135769715,-0.3768884068837224
2.7,18.695263406066307,19.043744871502675,-0.34848146543636815
2.705,16.734582159124727,17.05428143092427,-0.31969927179954283
2.71,14.764626223029598,15.055198727165479,-0.29057250413588065
2.715,12.787308666336138,13.048441389827236,-0.26113272349109806
2.72,10.804549639298694,11.035961807714898,-0.23141216841620427
2.725,8.818274702627404,9.019718142673614,-0.2014434400462104
2.73,6.830413158357496,7.001672347556789,-0.17125918919929273
2.735,4.842896249412768,4.98378819709248,-0.14089194767971147
2.74,2.857655279722389,2.9680293458056735,-0.11037406608328437
2.745,0.8766196269149991,0.9563574087462873,-0.07973778183128821
2.75,-1.0982852911803545,-1.0492699413814586,-0.04901534979889588
2.755,-3.0651400470887884,-3.046900874631331,-0.018239172457457542
2.76,-5.022043690042704,-5.034588683511574,0.012544993468869947
2.765,-6.967469196699978,-7.010305486997132,0.042836290297153745
2.77,-8.900172734777637,-8.971967845548797,0.07179511077115919
2.775,-10.818500641624992,-10.917612216810662,0.09911157518567038
2.78,-12.720339984741887,-12.845409064167693,0.12506907942580625
2.785,-14.60328012081235,-14.753624289004726,0.15034416819237606
2.79,-16.464859520922218,-16.640559592468747,0.17570007154652956
2.795,-18.302796418535877,-18.504497162409447,0.20170074387356962
2.8,-20.11512609637526,-20.343667909180216,0.22854181280495567
2.805,-21.90021332026662,-22.15625097654327,0.25603765627665
2.81,-23.656657316326832,-23.940400025081644,0.28374270875481145
2.815,-25.383141004161217,-25.694283258086216,0.3111422539249986
2.82,-27.078286773337833,-27.416121583310638,0.33783480997280435
2.825,-28.740568222118274,-29.104212596335735,0.3636443742174613
2.83,-30.368299473325372,-30.756935067402285,0.38863559407691284
2.835,-31.959693020148833,-32.3727362865991,0.41304326645026634
2.84,-33.51295500767013,-33.95011010576687,0.43715509809673847
2.845,-35.0263791561156,-35.48757539603826,0.461196239922657
2.85,-36.49840773313446,-36.98366279250151,0.4852550593670557
2.855,-37.9276447801898,-38.4369133727348,0.5092685925449985
2.86,-39.31282575365218,-39.84588816614781,0.5330624124956316
2.865,-40.65276199231121,-41.209183846331115,0.5564218540199022
2.87,-41.946283931941245,-42.52544860859411,0.5791646766528658
2.875,-43.19220304942276,-43.79339324737548,0.6011901979527181
2.88,-44.38930289433061,-45.01179487349005,0.6224919791594345
2.885,-45.536357404052154,-46.17949375779629,0.6431363537441328
2.89,-46.63216616724016,-47.29538591130486,0.6632197440647047
2.895,-47.6755917955529,-48.35841512255766,0.6828233270047619
2.9,-48.66558689115103,-49.367567573276105,0.7019806821250754
2.905,-49.60120353128254,-50.321870781894276,0.7206672506117329
2.91,-50.48158543429035,-51.22039681111561,0.7388113768252609
2.915,-51.305948827731,-52.06226821379202,0.7563193860610156
2.92,-52.07356069072534,-52.846664539750684,0.7731038490253468
2.925,-52.78372244353596,-53.572827387501526,0.7891049439655689
2.93,-53.43576388203073,-54.24006280919006,0.8042989271593299
2.935,-54.02904772030454,-54.84774099167821,0.8186932713736681
2.94,-54.56298172256655,-55.39529397938229,0.8323122568157402
2.945,-55.03703304040222,-55.88221278971097,0.8451797493087483
2.95,-55.450739884895114,-56.30804513861004,0.8573052537149266
2.955,-55.8037171786055,-56.672394606818706,0.8686774282132035
2.96,-56.09564545241826,-56.97492391986394,0.8792784674456797
2.965,-56.326222970543846,-57.21536730573343,0.8891443351895845
2.97,-56.49522175309413,-57.39351679775931,0.8982950446651827
2.975,-56.60251642057785,-57.5092153287329,0.9066989081550503
2.98,-56.648073618042744,-57.56235960800153,0.9142859899587847
2.985,-56.63193231769773,-57.55290518358262,0.9209728658848846
2.99,-56.55418356420276,-57.480871541494665,0.9266879772919054
2.995,-56.414956489581776,-57.34634553996517,0.9313890503833946
3.0,-56.21441406446333,-57.14948232242848,0.9350682579651561
3.005,-55.95275823974436,-56.89050380830744,0.9377455685630807
3.01,-55.630240916404354,-56.569695661817924,0.9394547454135704
3.015,-55.24717628935379,-56.18740385830216,0.940227568948373
3.02,-54.80395004521375,-55.74403197501108,0.94008192979733
3.025,-54.301022896523115,-55.24003983313683,0.9390169366137116
3.03,-53.738928201922384,-54.675943544791345,0.9370153428689605
3.035,-53.11826529582141,-54.05231655338963,0.9340512575682212
3.04,-52.43969128512692,-53.36979097620416,0.9300996910772383
3.045,-51.70391398873038,-52.629058578671746,0.9251445899413682
3.05,-50.91168787254715,-51.83087092481167,0.9191830522645219
3.055,-50.063813670634026,-50.976038531691394,0.9122248610573678
3.06,-49.16114066150916,-50.0654292926926,0.9042886311834408
3.065,-48.20457037222424,-49.09996648140117,0.8953961091769287
3.07,-47.19505989227641,-48.08062678978053,0.8855668975041198
3.075,-46.133623585521924,-47.0084387074978,0.8748151219758782
3.08,-45.021332491029455,-45.88448141261248,0.8631489215830257
3.085,-43.85931188165971,-44.70988405906905,0.8505721774093402
3.09,-42.64873753461315,-43.485825320561055,0.837087785947908
3.095,-41.39083192963157,-42.21353288913554,0.822700959503976
3.1,-40.08686109387433,-40.894282749626626,0.8074216557522931
3.105,-38.7381327411739,-39.52939806729332,0.7912653261194222
3.11,-37.34599549561874,-38.120247750461004,0.774252254842267
3.115,-35.91183899274344,-36.668244736730436,0.7564057439869956
3.12,-34.43709419118929,-35.17484418057571,0.7377499893864226
3.125,-32.92323333211844,-33.641541674792855,0.7183083426744119
3.13,-31.371769165205432,-32.06987160577623,0.6981024405707963
3.135,-29.78425333995217,-30.461405672172024,0.6771523322198547
3.14,-28.162274182151993,-28.817751507289298,0.655477325137305
3.145,-26.5074541351018,-27.140551345900988,0.633097210799189
3.15,-24.821447308051436,-25.43148061358255,0.6100333055311147
3.155,-23.10593720841315,-23.692246431041774,0.5863092226286248
3.16,-21.3626350469421,-21.92458593590753,0.5619508889654306
3.165,-19.59327835599989,-20.130264491278126,0.5369861352782372
3.17,-17.799629877999877,-18.31107379435903,0.511443916359152
3.175,-15.983476429685963,-16.468829955077172,0.4853535253912096
3.18,-14.146627525099044,-14.605371608915988,0.45874408381694387
3.185,-12.290913784162868,-12.722558052745658,0.43164426858279015
3.19,-10.418185008942629,-10.822267443437886,0.4040824344952565
3.195,-8.53030806333759,-8.906395021190406,0.37608695785281654
3.2,-6.629164662201916,-6.976851326304288,0.3476866641023726
3.205,-4.716649200570574,-5.035560395549849,0.31891119497927534
3.21,-2.7946667429162098,-3.084457898244804,0.2897911553285941
3.215,-0.865131154406153,-1.125489221554586,0.260358067148433
3.22,1.070036625068907,0.8393924869406454,0.23064413812826168
3.225,3.0089102638445904,2.8082283032804285,0.20068196056416188
3.23,4.949559726000979,4.779055511623207,0.17050421437777175
3.235,6.890053047967641,6.749909572372504,0.14014347559513762
3.24,8.828458210196066,8.71882607060946,0.10963213958660667
3.245,10.762845110477878,10.683842634840564,0.07900247563731355
3.25,12.691287593442684,12.64300084392554,0.0482867495171444
3.255,14.611865483952528,14.594348125289901,0.017517358662626492
3.26,16.522678917680707,16.53593657464538,-0.013257656964672293
3.265,18.42221326862311,18.465734300271137,-0.043521031648026565
3.27,20.309217601159126,20.3816587369439,-0.07244113578477496
3.275,22.182025419232,22.281748638878998,-0.0997232196469966
3.28,24.03851400953042,24.16417599340959,-0.12566198387916927
3.285,25.876268754626345,26.027206769250853,-0.15093801462450784
3.29,27.692830115031235,27.86914124827551,-0.17631113324427616
3.295,29.4859223528099,29.688259198939303,-0.20233684612940195
3.3,31.25358775292349,31.482788881861982,-0.22920112893849165
3.305,32.994196247200826,33.250907261492465,-0.2567110142916391
3.31,34.70634864890757,34.990766723783054,-0.2844180748754823
3.315,36.388725727481386,36.700535135434244,-0.3118094079528575
3.32,38.039945113799355,38.37843371948332,-0.33848860568396333
3.325,39.658474913531066,40.02276056775506,-0.3642856542239912
3.33,41.24262479090447,41.63189468644271,-0.38926989553824143
3.335,42.790604954463014,43.20428305844743,-0.4136781039844166
3.34,44.30062160861078,44.73841864523269,-0.43779703662190883
3.345,45.77097018906371,46.2328190190416,-0.4618488299778889
3.35,47.20009526798692,47.68601337598151,-0.4859181079945927
3.355,48.58660260893277,49.0965415069343,-0.5099388980015291
3.36,49.9292281004034,50.462963482842426,-0.5337353824390263
3.365,51.22678209736032,51.78387537670094,-0.55709327934062
3.37,52.478092912305,53.05792507044104,-0.5798321581360355
3.375,53.68196956734871,54.283823129093044,-0.6018535617443348
3.38,54.83719339411756,55.46034637622704,-0.6231529821094739
3.385,55.94253691135401,56.586334597346294,-0.6437976859922827
3.39,56.99679914841287,57.6606831063414,-0.6638839579285332
3.395,57.998842879737694,58.682334818468135,-0.683491938730441
3.4,58.94762115287134,59.65027497576568,-0.7026538228943409
3.405,59.84218636610331,60.56353019267608,-0.7213438265727703
3.41,60.681682127895,61.4211717397156,-0.7394896118205949
3.415,61.46532401542799,62.22232151617721,-0.7569975007492218
3.42,62.19237789566807,62.966158537144736,-0.7737806414766624
3.425,62.86214390580457,63.65192391141527,-0.7897800056106945
3.43,63.47395055609785,64.27892320456844,-0.8049726484705957
3.435,64.0271595784442,64.84652604408596,-0.8193664656417639
3.44,64.52117802378854,65.35416385034195,-0.8329858265534114
3.445,64.95547266001708,65.80132693791847,-0.8458542779013953
3.45,65.3295814613595,66.18756228550173,-0.8579808241422313
3.455,65.64311908464741,66.51247274837716,-0.8693536637297541
3.46,65.89576329068136,66.7757209563994,-0.8799576657180381
3.465,66.0872096076267,66.97704103114138,-0.8898314235146785
3.47,66.21723228693801,67.11622366242186,-0.8989913754838454
3.475,66.28570821106909,67.19311043864298,-0.9074022275738827
3.48,66.29260526857992,67.20759698568368,-0.91499171710376
3.485,66.23796221291371,67.15963813804073,-0.921675925127019
3.49,66.12186851758058,67.0492530090677,-0.9273844914871177
3.495,65.94445095901916,66.8765282816594,-0.9320773226402395
3.5,65.70587006265283,66.64161894706727,-0.935748884414437
3.505,65.4063258180407,66.34474665258229,-0.9384208345415885
3.51,65.04606908121363,65.98619656327979,-0.9401274820661598
3.515,64.62541384388759,65.5663139475093,-0.9409001036217148
3.52,64.14474615355242,65.08550153902137,-0.9407553854689468
3.525,63.604527259542614,64.54421827563486,-0.9396910160922474
3.53,63.0052908180282,63.942979449918155,-0.9376886318899551
3.535,62.34763597987855,63.28235781027491,-0.9347218303963629
3.54,61.63221912393181,62.56298491749508,-0.9307657935632676
3.545,60.85974695930236,61.78555207945552,-0.9258051201531572
3.55,60.030972676042914,60.95081044583501,-0.9198377697920961
3.555,59.146695818382554,60.059570099687576,-0.9128742813050224
3.56,58.20776471675056,59.11269844248763,-0.9049337257370667
3.565,57.215080303960825,58.111118170220784,-0.8960378662599595
3.57,56.169599357454736,57.05580532986008,-0.8862059724053424
3.575,55.072336036415145,55.94778774195256,-0.8754517055374151
3.58,53.92436121692189,54.78814390877753,-0.8637826918556399
3.585,52.72679984089634,53.578002353647285,-0.8512025127509446
3.59,51.48082719687172,52.31854116314503,-0.8377139662733057
3.595,50.18766506556425,51.010987496576355,-0.8233224310121017
3.6,48.84857870840561,49.6566168243152,-0.8080381159095893
3.605,47.46487498913305,48.25675182198972,-0.7918768328566657
3.61,46.03790179093306,46.81276088342197,-0.77485909248891
3.615,44.569048120449395,45.32605640764752,-0.7570082871981256
3.62,43.059744410611145,43.798092986103164,-0.7383485754920187
3.625,41.511462463023165,42.230365628019136,-0.7189031649959716
3.63,39.9257146103077,40.62440813574645,-0.698693525438749
3.635,38.30405208746034,38.981791626214225,-0.6777395387538832
3.64,36.64806276205002,37.30412316620568,-0.6560604041556601
3.645,34.95936854597473,35.5930444429098,-0.6336758969350669
3.65,33.239622913549724,33.85023036136639,-0.610607447816669
3.655,31.490508743402582,32.07738752428782,-0.5868787808852396
3.66,29.713736626695223,30.276252553633665,-0.5625159269384419
3.665,27.911043522112866,28.448590287346104,-0.5375467652332375
3.67,26.08419161560414,26.5961918943173,-0.5120002787131597
3.675,24.234967198249027,24.720872950130456,-0.4859057518814289
3.68,22.365179310184086,22.82447154628219,-0.4592922360981042
3.685,20.476658094146124,20.908846441726734,-0.43218834758060964
3.69,18.57125288982968,18.975875254557256,-0.40462236472757596
3.695,16.650830055300858,17.027452695660262,-0.37662264035940396
3.7,14.71727077093282,15.065488788655705,-0.34821801772288374
3.705,12.772468888188651,13.091907056246917,-0.31943816805826586
3.71,10.818328917636986,11.108642661278733,-0.29031374364174667
3.715,8.856764189335061,9.117640483032009,-0.2608762936969473
3.72,6.8896951170809935,7.120853158753385,-0.2311580416723915
3.725,4.919047518179091,5.1202391030493635,-0.20119158487027278
3.73,2.9467509335089233,3.1177605197447966,-0.17100958623587337
3.735,0.9747368402839331,1.1153814362418282,-0.14064459595789502
3.74,-0.9950632211032462,-0.8849342422160201,-0.11012897888722606
3.745,-2.9607196367648676,-2.881224649990448,-0.07949498677441946
3.75,-4.920306745129574,-4.87153186806031,-0.0487748770692642
3.755,-6.871904871850663,-6.853903821922793,-0.018001049927869772
3.76,-8.813613397634741,-8.826393416003585,0.012780018368843571
3.765,-10.743909374206464,-10.786971449994398,0.04306207578793497
3.77,-12.661546643115914,-12.733554768664037,0.0720081255481233
3.775,-14.564867292237071,-14.664180591553741,0.09931329931666966
3.78,-16.45175516307313,-16.5770198842508,0.1252647211776683
3.785,-18.319798320569877,-18.47033856653841,0.1505402459685321
3.79,-20.166535909330495,-20.342437866205508,0.17590195687501264
3.795,-21.98968816969347,-22.191599169415273,0.20191099972180382
3.8,-23.787292707442635,-24.016052509362662,0.22875980192002743
3.805,-25.5577159865967,-25.813976312235486,0.25626032563878454
3.81,-27.29955775415705,-27.58352381899853,0.28396606484147924
3.815,-29.01150019880121,-29.322863127632004,0.3113629288307962
3.82,-30.69216413324532,-31.030215251819623,0.3380511185743025
3.825,-32.34002134369517,-32.70387795101447,0.36385660731929903
3.83,-33.95338447581993,-34.34223007488958,0.3888455990696471
3.835,-35.53046527927403,-35.94371881014726,0.41325353087322725
3.84,-37.06946992725103,-37.506837712715765,0.43736778546473687
3.845,-38.5686927104544,-39.03010522460259,0.4614125141481935
3.85,-40.02657666686617,-40.51205150351374,0.48547483664756896
3.855,-41.44172640981303,-41.951217201947564,0.5094907921345353
3.86,-42.81287751875984,-43.346163038078195,0.5332855193183548
3.865,-44.138841010827804,-44.6954854868514,0.5566444760235996
3.87,-45.41844660985889,-45.99783264325058,0.5793860333916925
3.875,-46.65050499296728,-47.251915223670224,0.6014102307029461
3.88,-47.83379896338567,-48.456510247979736,0.6227112845940681
3.885,-48.96710201061673,-49.61045782203708,0.6433558114203493
3.89,-50.04921353461147,-50.71265372825227,0.6634401936408025
3.895,-51.07899619863136,-51.7620414677817,0.683045269150341
3.9,-52.05540276944431,-52.75760690818471,0.7022041387403988
3.905,-52.977485416497416,-53.69837727334687,0.7208918568494553
3.91,-53.844387826596424,-54.5834243634573,0.7390365368608727
3.915,-54.65532599925821,-55.4118705191707,0.7565445199124881
3.92,-55.40956655753319,-56.182895111426085,0.7733285538928953
3.925,-56.1064104912851,-56.8957395791141,0.7893290878290031
3.93,-56.74518716777697,-57.54970981503174,0.8045226472547711
3.935,-57.32525899048173,-58.14417581856529,0.8189168280835588
3.94,-57.84603348176187,-58.6785694303321,0.8325359485702251
3.945,-58.306977677545596,-59.1523814333467,0.8454037558011009
3.95,-58.70762969352542,-59.5651593043436,0.8575296108181831
3.955,-59.047604381497536,-59.916506380398005,0.8689019989004692
3.96,-59.32658134328767,-60.20608536016693,0.8795040168792596
3.965,-59.544257873679925,-60.43363045310496,0.8893725794250358
3.97,-59.70040675485309,-60.59893324290749,0.8985264880544008
3.975,-59.794903410539355,-60.701836204637225,0.9069327940978695
3.98,-59.82771493453778,-60.74223568098849,0.9145207464507124
3.985,-59.79888023234954,-60.72008698337475,0.9212067510252098
3.99,-59.70848985879709,-60.635409468097876,0.9269196093007892
3.995,-59.55667210825885,-60.48828995071774,0.9316178424588912
4.0,-59.343589139078844,-60.27888352611306,0.9352943870342187
4.005,-59.069442203869045,-60.0074120369032,0.9379698330341526
4.01,-58.734482857456925,-59.67416098314911,0.9396781256921827
4.015,-58.33902524165167,-59.279476103466344,0.940450861814675
4.02,-57.88345514577119,-58.82376070121828,0.9403055554470967
4.025,-57.36823349900085,-58.307474296455275,0.9392407974544241
4.03,-56.7938937754284,-57.73113272661934,0.9372389511909418
4.035,-56.161035259506406,-57.09530920356334,0.9342739440569332
4.04,-55.470314810138426,-56.400635662675356,0.93032085253693
4.045,-54.72243985789446,-55.64780372455074,0.9253638666562836
4.05,-53.918164491438205,-54.8375648059266,0.9194003144883922
4.055,-53.05828899199442,-53.970729295580945,0.9124403035865285
4.06,-52.14366233366185,-53.0481649229482,0.9045025892863521
4.065,-51.175185839784056,-52.07079477279874,0.8956089330146852
4.07,-50.153816517909426,-51.03959531943025,0.8857788015208214
4.075,-49.08056864444758,-49.95559483686288,0.875026192415298
4.08,-47.9565132248459,-48.81987227534296,0.8633590504970599
4.085,-46.78277543214972,-47.63355657839414,0.8507811462444224
4.09,-45.56053088120596,-46.39782622694875,0.8372953457427883
4.095,-44.29100181692746,-45.11390873820244,0.8229069212749778
4.1,-42.97545401951713,-43.78307992571153,0.8076259061944029
4.105,-41.615194904643054,-42.406662798192286,0.7914678935492319
4.11,-40.21157285635985,-40.986026092802064,0.7744532364422128
4.115,-38.76597730253071,-39.52258257105238,0.7566052685216746
4.12,-37.27983903062986,-38.017787200144525,0.7379481695146666
4.125,-35.75463013685396,-36.473135379841025,0.7185052429870638
4.13,-34.19186321668086,-34.890161308890775,0.6982980922099173
4.135,-32.59308980498039,-33.27043648851282,0.6773466835324342
4.14,-30.959898079415055,-31.615568365915504,0.6556702865004489
4.145,-29.293910314143776,-29.92719899241308,0.6332886782693024
4.15,-27.596780391030418,-28.207003625886134,0.6102232348557166
4.155,-25.87019160801121,-26.456689217085774,0.5864976090745628
4.16,-24.115854984701173,-24.67799273120572,0.562137746504547
4.165,-22.33550786017283,-22.87267935994398,0.5371714997711514
4.17,-20.530912796544463,-21.04254062469449,0.5116278281500257
4.175,-18.703856414667513,-19.189392463575693,0.48553604890818036
4.18,-16.856148084986465,-17.31507332971762,0.45892524473115515
4.185,-14.98961827675569,-15.421442342680177,0.4318240659244861
4.19,-13.106116645658213,-13.51037748050217,0.4042608348439565
4.195,-11.207509885693234,-11.58377380871933,0.37626392302609624
4.2,-9.295679528996695,-9.643541697841567,0.34786216884487153
4.205,-7.372519786666828,-7.691605016950377,0.31908523028354896
4.21,-5.439935552856812,-5.729899265726931,0.2899637128701187
4.215,-3.499840510973162,-3.760369665714144,0.26052915474098226
4.22,-1.5541554248428429,-1.7849691961183074,0.23081377127546454
4.225,0.3951935415084382,0.19434338731487633,0.2008501541935619
4.23,2.3462765167624013,2.1756055371045258,0.1706709796578756
4.235,4.297161696221977,4.156852883395148,0.14030881282682905
4.24,6.2459172202702185,6.136121177211045,0.10979604305917334
4.245,8.190613142488335,8.111448216809022,0.07916492567931321
4.25,10.129323471907238,10.080875746075034,0.04844772583220447
4.255,12.060128202547505,12.04245135492722,0.017676847620284875
4.26,13.981127215706534,13.99422740810233,-0.013100192395794963
4.265,15.890803149790273,15.93417289778766,-0.04336974799738691
4.27,17.787906658565817,17.860205061352385,-0.07229840278656852
4.275,19.670774075254947,19.77036214716658,-0.09958807191163288
4.28,21.537284845223475,21.66281580613516,-0.1255309609116857
4.285,23.38502521696917,23.535831995808834,-0.15080677883966587
4.29,25.211535218830956,25.387711309680057,-0.17617609084910058
4.295,27.014537769376137,27.216734053177753,-0.2021962838016158
4.3,28.792073611981532,29.021129071217956,-0.2290554592364238
4.305,30.54251154843042,30.799073807247957,-0.2565622588175387
4.31,32.26445204724123,32.548720927510814,-0.2842688802695861
4.315,33.956576339088905,34.26823837648056,-0.3116620373916561
4.32,35.617503114818355,35.95584730503252,-0.3383441902141655
4.325,37.245701694101854,37.60984569537218,-0.36414400127032565
4.33,38.839482722910674,39.228612502578805,-0.38912977966813145
4.335,40.39705691120831,40.81059477838377,-0.4135378671754637
4.34,41.91663044195233,42.35428568330327,-0.4376552413509387
4.345,43.39649839249105,43.85820307102683,-0.46170467853578145
4.35,44.835104804943796,45.320876460914235,-0.4857716559704386
4.355,46.23105507647481,46.7408459247186,-0.5097908482437887
4.36,47.583084998322946,48.11667174563955,-0.5335867473166047
4.365,48.8900051278222,49.446950133197106,-0.5569450053749065
4.37,50.15064427148593,50.730329032380276,-0.5796847608943452
4.375,51.36381198589532,51.96551906093221,-0.6017070750368916
4.38,52.52829008960603,53.151297106687515,-0.6230070170814841
4.385,53.642851418139436,54.28650306162308,-0.6436516434836435
4.39,54.70629511837049,55.370032395263934,-0.6637372768934426
4.395,55.71748392512456,56.40082821648297,-0.6833442913584094
4.4,56.67537079700482,57.37787597279734,-0.702505175792524
4.405,57.57900804509287,58.30020248254631,-0.7211944374534411
4.41,58.42753932493896,59.16687918564122,-0.739339860702259
4.415,59.22018035336157,59.97702812677073,-0.756847773409163
4.42,59.9561972401205,60.72982843999542,-0.7736311998749201
4.425,60.634890395614605,61.42452134489245,-0.7896309492778428
4.43,61.255588625391354,62.06041251172948,-0.8048238863381272
4.435,61.817653866252236,62.6368716943423,-0.8192178280900606
4.44,62.32049334045046,63.15333044776062,-0.832837107310155
4.445,62.763573903248584,63.60927924155485,-0.8457053383062672
4.45,63.14643355457427,64.00426522419147,-0.8578316696171981
4.455,63.46868704856411,64.3378914010132,-0.8692043524490884
4.46,63.73001275779227,64.60982042334926,-0.8798076655569957
4.465,63.930106778874915,64.819786445398,-0.8896796665230795
4.47,64.06874286351302,64.96758045547564,-0.8988375919626179
4.475,64.14579740569714,65.05304433624529,-0.9072469305481548
4.48,64.16123803003522,65.0760739502795,-0.914835920244272
4.485,64.1151035435827,65.03662428844882,-0.9215207448661147
4.49,64.00748377797403,64.9347145436944,-0.9272307657203669
4.495,63.8385060260081,64.77043143882749,-0.931925412819389
4.5,63.60833136056035,64.54392999696127,-0.9355986364009183
4.505,63.31716018410561,64.2554319306437,-0.938271746538085
4.51,62.96524357459727,63.905222517448294,-0.9399789428510275
4.515,62.55289557922396,63.49364717946498,-0.9407516002410219
4.52,62.08050216588397,63.021108836704784,-0.940606670820813
4.525,61.54852445064227,62.48806662568285,-0.9395421750405788
4.53,60.957496046093965,61.89503601477468,-0.9375399686807171
4.535,60.30801613163217,61.24258990875771,-0.9345737771255358
4.54,59.6007412622703,60.53135998809705,-0.9306187258267542
4.545,58.83637837730053,59.76203766516004,-0.92565928785951
4.55,58.01568096070287,58.93537417802277,-0.919693217319896
4.555,57.13944881327217,58.05217970743228,-0.9127308941601129
4.56,56.20853048266118,57.11332176174658,-0.9047912790854014
4.565,55.223827024116765,56.11972316697222,-0.8958961428554559
4.57,54.18629527944115,55.072360113375765,-0.8860648339346184
4.575,53.096949449032145,53.9722605704889,-0.8753111214567539
4.58,51.95686045857771,52.820503186716955,-0.8636427281392471
4.585,50.76715331994836,51.61821662555348,-0.8510633056051162
4.59,49.52900342960076,50.36657910319003,-0.8375756735892637
4.595,48.24363271435183,49.06681789827778,-0.8231851839259505
4.6,46.91230661157527,47.72020859380177,-0.8079019822265039
4.605,45.53633218373026,46.32807397120319,-0.7917417874729296
4.61,44.11705747169242,44.89178253935529,-0.774725067662871
4.615,42.655871613077146,43.41274681786838,-0.7568752047912355
4.62,41.15420516398025,41.892421520054405,-0.7382163560741546
4.625,39.6135300011744,40.33230179097231,-0.7187717897979127
4.63,38.03535858278722,38.73392155389253,-0.6985629711053107
4.635,36.421242226506116,37.0988520566763,-0.6776098301701836
4.64,34.77276888910292,35.42870049287876,-0.6559316037758407
4.645,33.09156060643054,33.72510866852483,-0.6335480620942917
4.65,31.37927097841188,31.98975160917754,-0.6104806307656574
4.655,29.637583052717183,30.22433602491832,-0.5867529722011362
4.66,27.868207548934684,28.43059865353312,-0.5623911045984364
4.665,26.072881537365067,26.610304451263797,-0.5374229138987303
4.67,24.253367331661973,24.76524470167174,-0.511877370009767
4.675,22.411451338832997,22.897235101244835,-0.4857837624118382
4.68,20.548942715019383,21.00811385871678,-0.45917114369739664
4.685,18.66767171152609,19.099739850945866,-0.4320681394197763
4.69,16.7694877507711,17.173990818366068,-0.4045030675949697
4.695,14.856257304590788,15.232761588028252,-0.37650428343746434
4.7,12.929861676660083,13.277962297992135,-0.3481006213320512
4.705,10.992194846275057,11.311516584220842,-0.3193217379457849
4.71,9.045161445716845,9.335359719666762,-0.29019827394991715
4.715,7.090674912173209,7.3514366971280145,-0.2607617849548056
4.72,5.130655779812422,5.361700267677238,-0.2310444878648159
4.725,3.1670299820731667,3.3681089571365175,-0.20107897506335082
4.73,1.201727168381946,1.372625082850401,-0.17089791446845504
4.735,-0.763321072617596,-0.62278721486173,-0.1405338577558659
4.74,-2.7261830998692473,-2.616163917193688,-0.11001918267555943
4.745,-4.684929192462309,-4.605543047075277,-0.0793861453870317
4.75,-6.637633577641246,-6.588966574793349,-0.048667002847897045
4.755,-8.58237647095841,-8.564482315419657,-0.01789415553875351
4.76,-10.517257387975313,-10.530143002748147,0.01288561477283423
4.765,-12.440755228583589,-12.483918839395006,0.043163610811417286
4.77,-14.351622840920227,-14.423726784942396,0.07210394402216913
4.775,-16.248200416133006,-16.34760439798957,0.09940398185656463
4.78,-18.128370331701536,-18.253722874199017,0.12535254249748107
4.785,-19.9897200363019,-20.14034814938623,0.15062811308433055
4.79,-21.829788951625652,-22.005781246735218,0.17599229510956604
4.795,-23.646298193061654,-23.8483031972472,0.20200500418554768
4.8,-25.43728639482882,-25.666143643953472,0.22885724912465122
4.805,-27.2011208075139,-27.45748068520557,0.256359877691672
4.81,-28.93640142527257,-29.22046737039636,0.284065945123789
4.815,-30.641810131964483,-30.953271744183603,0.3114616122191194
4.82,-32.31596704172111,-32.65411486508262,0.33814782336150984
4.825,-33.9573431258667,-34.32129456613652,0.3639514402698225
4.83,-35.5642503761213,-35.95318973076973,0.38893935464842855
4.835,-37.13490018848546,-37.54824750373705,0.41334731525159185
4.84,-38.667498729978206,-39.10496131321358,0.4374625832353729
4.845,-40.160340551161894,-40.62184940667986,0.4615088555179625
4.85,-41.61186901415344,-42.09744173338723,0.48557271923378664
4.855,-43.02068899399558,-43.53027875334801,0.5095897593524299
4.86,-44.38553614853823,-44.9189210392984,0.5333848907601677
4.865,-45.705221341391265,-46.26196497925676,0.5567436378654946
4.87,-46.97857400881796,-47.55805861512039,0.5794846063024295
4.875,-48.2044044484326,-48.80591263335655,0.6015081849239508
4.88,-49.38149513670501,-50.00430401077073,0.6228088740657185
4.885,-50.50861936393754,-51.15207277870054,0.6434534147630018
4.89,-51.584576413130314,-52.248114624585575,0.6635382114552613
4.895,-52.60822900109611,-53.291372912823824,0.6831439117277114
4.9,-53.578529931615826,-54.28083337871599,0.7023034471001637
4.905,-54.4945314318102,-55.215523109736736,0.7209916779265342
4.91,-55.355377175161514,-56.09451378801642,0.7391366128549066
4.915,-56.16028307066823,-56.91692765631893,0.7566445856507045
4.92,-56.908515579286224,-57.68194400584174,0.7734284265555189
4.925,-57.59937550105344,-58.3888042028324,0.7894287017789594
4.93,-58.23219201925815,-59.036814066526105,0.804622047267955
4.935,-58.80632736836903,-59.62534351886723,0.8190161504982001
4.94,-59.32118898627263,-60.15382430237268,0.8326353161000526
4.945,-59.776243833220256,-60.621747100417494,0.8455032671972376
4.95,-60.17103000863662,-61.02865927694795,0.857629268311328
4.955,-60.50516230107206,-61.3741640679999,0.8690017669278376
4.96,-60.77831995409711,-61.657924143560045,0.8796041894629383
4.965,-60.99019982375759,-61.87967370626877,0.8894738825111759
4.97,-61.1405750164849,-62.0392041424299,0.8986291259449999
4.975,-61.22932127346049,-62.136357732319674,0.9070364588591815
4.98,-61.2564058874583,-62.17103065440868,0.9146247669503822
4.985,-61.221867725272155,-62.14317811593645,0.9213103906642957
4.99,-61.125797097807,-62.05281942084485,0.9270223230378463
4.995,-60.96832198693406,-61.9000413496157,0.9317193626816405
5.0,-60.749604175633124,-61.68499897783199,0.9353948021988643
