timestamp,tire_F(t),suspension_travel(t),seat_a(t)
0.0,-4405.242208515037,0.808705,-0.000999999933789771
0.01,-4432.612792224143,0.8088378743665039,0.03473443306053999
0.02,-4439.278109705797,0.8090195349158567,0.0550501021384927
0.03,-4447.028727292372,0.8091941324421302,0.07633180006007288
0.04,-4461.194054201709,0.8093555398238749,0.10044264505816045
0.05,-4446.79748640276,0.8095042247570738,0.12552087824579605
0.06,-4441.676916004584,0.8096624590234265,0.14348767827965314
0.07,-4488.757904264249,0.8098089621230514,0.1670355858224847
0.08,-4496.199555287843,0.8099180829431327,0.19891048730385327
0.09,-4491.110269280598,0.8100180693425362,0.22672894109481376
0.1,-4514.157896137223,0.810114067183429,0.2543271620952472
0.11,-4515.540925179869,0.8101876447454652,0.28788883113750025
0.12,-4441.811737540886,0.8102752746825855,0.30072479438168404
0.13,-4435.960579581955,0.8104119303751656,0.29523723113304073
0.14,-4414.1393141826975,0.8105568914969353,0.2918691515795653
0.15,-4401.782984173384,0.8107187905199081,0.2773756620639707
0.16,-4348.389160207327,0.8108934858138258,0.2575491882781383
0.17,-4285.632067665972,0.8111219094148052,0.21222089148104525
0.18,-4286.098974500582,0.8113871872063636,0.17032487276664104
0.19,-4207.051015709376,0.811670528799354,0.12130185750960815
0.2,-4192.668153773514,0.8120098397545614,0.06551511374845707
0.21,-4229.305138704044,0.8123500748891492,9.802394096899054e-5
0.22,-4281.753167937045,0.8126466622597537,-0.06956027812356638
0.23,-4308.074503132752,0.8128890716988253,-0.12334001287586223
0.24,-4302.1787174888495,0.8131047198502666,-0.16555349620358772
0.25,-4300.301195814058,0.8133190239520028,-0.20354751410934
0.26,-4336.437530162479,0.8135217636425445,-0.22871917388507276
0.27,-4325.442594990716,0.813694774701436,-0.24013493299629354
0.28,-4280.617584572239,0.8138806769917807,-0.2613641075220547
0.29,-4271.917985715658,0.8140958457828171,-0.28622056460110346
0.3,-4303.562083683715,0.8143098610922381,-0.2999086828868826
0.31,-4359.95111548275,0.8144855608060784,-0.29150862450003007
0.32,-4417.989368497533,0.8146034057430525,-0.26197734056631816
0.33,-4399.898491927567,0.8146747139031731,-0.22708121774380363
0.34,-4327.991656156282,0.8147714759900975,-0.21682076702624423
0.35,-4326.990743861058,0.8149150354360934,-0.21168019865528245
0.36,-4348.690353340415,0.8150568457553964,-0.1964834436103293
0.37,-4376.350611821324,0.8151734435563888,-0.17257930148418457
0.38,-4389.072101108802,0.8152664166070123,-0.14617489536658468
0.39,-4431.005407218868,0.8153348133167431,-0.11287437835241766
0.4,-4388.108243492583,0.8153804676163127,-0.08044232489768509
0.41,-4390.455248376498,0.815454203715849,-0.055060170435232675
0.42,-4385.228559898632,0.8155214682291483,-0.025257786318487283
0.43,-4333.284128939346,0.8156074819853669,-0.0029582568193878465
0.44,-4353.004619852391,0.8157193164218756,0.011323401127293664
0.45,-4333.911493418614,0.815823120971274,0.02420821566423683
0.46,-4324.215367353418,0.8159384432860586,0.030116108434682095
0.47,-4314.523477259139,0.8160611367933395,0.030648819588005458
0.48,-4345.156819353058,0.81618348406591,0.028630810218921474
0.49,-4400.766727559352,0.8162696777666832,0.034727695942674094
0.5,-4419.122531200195,0.8163093755382914,0.05122354507012498
0.51,-4425.488293966722,0.8163326656790125,0.07017479600602883
0.52,-4454.90523118576,0.8163407008860194,0.09379773228746065
0.53,-4402.624505531747,0.8163373458110126,0.11658449641650274
0.54,-4336.446225598253,0.8163838206919252,0.11742652863475958
0.55,-4316.027453211285,0.8164809474672224,0.10489115443680058
0.56,-4320.816006276692,0.8165935459050879,0.08941467312817887
0.57,-4315.310696347123,0.816702621475246,0.0731005200342698
0.58,-4326.694649273196,0.8168122650557031,0.05460028617471835
0.59,-4346.800999031584,0.8169060816220316,0.03909575694355567
0.6,-4369.2883499504815,0.8169809250517277,0.026874857955349777
0.61,-4377.740386853531,0.8170317798149072,0.020680895711910806
0.62,-4348.764793766771,0.8170846832631509,0.012717569419025191
0.63,-4391.541371571622,0.8171446609973589,0.004419784004755911
0.64,-4401.597290974713,0.8171735084087601,0.005025309871577595
0.65,-4393.791125030616,0.817193357711758,0.008142969496939637
0.66,-4354.172025649002,0.8172263080211886,0.007732363236478553
0.67,-4380.92050561971,0.8172818929773709,0.0023746900026139885
0.68,-4376.230983467971,0.8173165489143152,0.003336523322341615
0.69,-4343.992912808278,0.8173649799614031,-0.0007020465868473972
0.7,-4374.630758532857,0.8174233804796691,-0.005914106602479781
0.71,-4345.097591075338,0.8174694469236035,-0.008593135302468606
0.72,-4352.205655646417,0.8175326780170505,-0.015917472469557954
0.73,-4365.195561628288,0.8175857706694083,-0.0197339471553164
0.74,-4322.986070949619,0.8176380862083624,-0.024509938814971596
0.75,-4312.452531867862,0.8177218201806586,-0.038082861206468505
0.76,-4351.322063312966,0.8178034564684912,-0.049649694957296715
0.77,-4372.236784648217,0.8178542700828191,-0.052529321005734646
0.78,-4383.62728420359,0.8178833911799297,-0.04929066157023764
0.79,-4368.5317475974325,0.817907497854159,-0.04495432531768226
0.8,-4409.228208470454,0.8179326019971439,-0.03915784203780959
0.81,-4449.732581002712,0.8179203347578307,-0.02195384349241749
0.82,-4471.7308888493,0.8178741175785113,0.004773149328953726
0.83,-4446.907493784761,0.8178136948052342,0.036568318160171503
0.84,-4381.107727928841,0.817784389851974,0.058843413786282404
0.85,-4317.133089028982,0.8178150986953634,0.06208593420507403
0.86,-4324.290128541996,0.8178941282472378,0.052256489987003836
0.87,-4333.837978405101,0.8179629785132049,0.045134235655647593
0.88,-4268.224974595472,0.8180420696028328,0.030556206122213325
0.89,-4268.21830275532,0.8181620319668725,0.0044603667244890255
0.9,-4263.9587830402925,0.8182854391549418,-0.02470288147230993
0.91,-4294.47080430225,0.8184031514298238,-0.05418516990443436
0.92,-4304.423294737462,0.8184952518875444,-0.0772002734130524
0.93,-4347.744986203234,0.8185698829367337,-0.09414904135504684
0.94,-4380.065847469301,0.8186022426183758,-0.09581863728625611
0.95,-4384.339736275443,0.8186118917731113,-0.09235499115388848
0.96,-4415.665694010661,0.8186071539472403,-0.08210111072644584
0.97,-4431.817082407045,0.8185794014895427,-0.06511975274876818
0.98,-4471.754324148243,0.8185294613317919,-0.040616160357382115
0.99,-4447.459038336908,0.8184544727251967,-0.008647015879737789
1.0,-4377.956548613889,0.8184125720867024,0.015069310271017381
1.01,-4398.427910180061,0.8184166099949186,0.027810947927112768
1.02,-4412.211920306435,0.8184038017169494,0.04576268281466014
1.03,-4387.511742539658,0.8183910194437418,0.06091020191209585
1.04,-4432.654582306245,0.8183821947510964,0.07584244341667651
1.05,-4424.88651308802,0.8183448651077376,0.09768246088911496
1.06,-4382.830530415641,0.8183194967736539,0.11107288668540036
1.07,-4315.293087655877,0.818337327896226,0.10756561819953087
1.08,-4280.419116659591,0.8184118232480996,0.0877403354706227
1.09,-4269.178808746032,0.8185149909549727,0.06255238649225134
1.1,-4298.250879179483,0.8186217303700679,0.03572226503894361
1.11,-4316.116978304328,0.8187008438053781,0.013221094983235086
1.12,-4316.605534992143,0.8187670347407859,-0.008446036007520282
1.13,-4313.204010552681,0.8188275631362415,-0.029032064458588518
1.14,-4292.736651025929,0.8188972020924465,-0.053209352905851874
1.15,-4304.140227018452,0.8189732201645659,-0.07811543719182623
1.16,-4265.87451866603,0.8190523878083106,-0.10525962979515384
1.17,-4316.880955975497,0.8191460037107353,-0.13316304327907272
1.18,-4363.925865890853,0.8191921496645438,-0.13971352906222023
1.19,-4366.9130502424405,0.8192035570197786,-0.13832139629167653
1.2,-4356.485152632647,0.8192102992138026,-0.13550753024868148
1.21,-4353.958108728644,0.8192259088277123,-0.13394333026721483
1.22,-4367.9804646319835,0.819238878537412,-0.12765531907348873
1.23,-4372.6821199012875,0.8192427010618824,-0.11824528659381789
1.24,-4400.482875642431,0.819236222819075,-0.10397252791821264
1.25,-4414.869546216331,0.819206339714731,-0.08296526159219866
1.26,-4411.761344117574,0.8191680262439691,-0.06094010791293082
1.27,-4467.9536242975355,0.8191201866674425,-0.03377883740443129
1.28,-4481.288019849674,0.8190277447529971,0.006839225345028884
1.29,-4439.099836438132,0.8189376281735057,0.04783737432174462
1.3,-4430.7307228336385,0.8188749025950993,0.08245121941198287
1.31,-4383.989768584272,0.8188336913191513,0.10694722186430189
1.32,-4377.852672395833,0.8188255722787796,0.11901597556731265
1.33,-4305.888207628655,0.8188370394835913,0.1204210272938629
1.34,-4218.3458367477515,0.8189196327461564,0.09445575585754303
1.35,-4218.940011549524,0.8190660611481927,0.058117627662054853
1.36,-4294.817899387061,0.819198378991371,0.026570139509709635
1.37,-4315.407711092285,0.8192700917019644,0.004290630386348463
1.38,-4338.041795143785,0.8193211912437758,-0.015309527056816326
1.39,-4379.789448443693,0.8193403861651469,-0.025323444966913182
1.4,-4364.59217863941,0.8193360896794184,-0.029411399883781542
1.41,-4382.00467265109,0.8193340255639838,-0.03252405021750444
1.42,-4386.422228554447,0.8193216443513085,-0.03158195247983523
1.43,-4417.686690068537,0.8192975888832686,-0.02569586246442365
1.44,-4385.445933645397,0.8192576988161382,-0.015089084004574715
1.45,-4360.276152644402,0.8192473966520373,-0.012143178340299226
1.46,-4389.8041048991645,0.8192481976278946,-0.010220685601971506
1.47,-4406.340284115763,0.8192273405750229,-0.0019541697616129263
1.48,-4405.836847776841,0.819193755389854,0.009848904901724609
1.49,-4381.985511736586,0.8191638130351127,0.02063911848460407
1.5,-4331.729578313388,0.8191619877665788,0.022864978179114814
1.51,-4320.302033353641,0.8191990270565465,0.014458454371947482
1.52,-4326.268463471106,0.8192444064356361,0.003626054773855003
1.53,-4347.233985890304,0.8192821920112041,-0.005892147895675256
1.54,-4343.025388361199,0.8193035869296929,-0.011689373629819026
1.55,-4358.81599121893,0.8193271958696489,-0.018524247931331197
1.56,-4396.82370327636,0.8193258241316472,-0.01722095113961283
1.57,-4350.897788713601,0.8193114075043794,-0.013778870928590928
1.58,-4383.263957583654,0.8193193513225747,-0.015116226613264417
1.59,-4403.336620648156,0.819301330859036,-0.008276609630024722
1.6,-4398.203314794731,0.8192707686627495,0.0016242909017838278
1.61,-4387.083511162054,0.8192445205591072,0.010774331674610949
1.62,-4390.9558424696015,0.8192265463933917,0.01807587384404883
1.63,-4393.375578304185,0.819206109554971,0.026289738102341666
1.64,-4433.21315852629,0.819177939208117,0.0371808005515201
1.65,-4449.11054104294,0.8191151330806604,0.05869254851459686
1.66,-4419.7625916654615,0.8190510497049914,0.07851500715080799
1.67,-4430.917638716906,0.8190009045435616,0.09540948237106098
1.68,-4385.357904229897,0.8189567434515924,0.10765222475733935
1.69,-4374.822314930776,0.8189470134593648,0.10817397019642007
1.7,-4356.459352945072,0.818948451731701,0.10610702268356059
1.71,-4295.431257948874,0.8189770581572041,0.09196053124089569
1.72,-4254.872635235373,0.819057270288952,0.06425914018357351
1.73,-4254.331834117876,0.819167283666896,0.030868169149103626
1.74,-4254.022345872204,0.8192782229495734,-0.006281131882875949
1.75,-4248.391044021978,0.8193888246674293,-0.04739636701066085
1.76,-4283.990892120689,0.8194973292045671,-0.0900692085145863
1.77,-4407.472492859925,0.8195520762260278,-0.1096257530850437
1.78,-4440.3507184741775,0.8195092535645377,-0.098019619490204
1.79,-4411.885188603325,0.8194463698729658,-0.08609140494725125
1.8,-4387.45610872494,0.8194038882012631,-0.07673021422652179
1.81,-4376.604080355272,0.8193862136907947,-0.07144381460098165
1.82,-4386.830296207085,0.8193716313601171,-0.06341259048512218
1.83,-4360.49209592216,0.8193606273050684,-0.056702747470880395
1.84,-4389.508156202566,0.8193586450859339,-0.050058863557613145
1.85,-4361.454728835019,0.8193439231751997,-0.04015101092693385
1.86,-4347.5811557873185,0.8193517674968606,-0.03656948085289476
1.87,-4341.428640486883,0.8193693277152231,-0.03488999704549656
1.88,-4317.163626411503,0.8193978310522191,-0.03715061662800281
1.89,-4304.175265258608,0.8194460650813737,-0.04542307165544723
1.9,-4346.049308036195,0.8194958207439738,-0.05352777874850858
1.91,-4367.690786697221,0.8195095786872272,-0.051503448549381874
1.92,-4382.146147361246,0.8195071867041894,-0.04621891903691828
1.93,-4420.058324196518,0.8194802316309088,-0.03283116810436392
1.94,-4356.025027908455,0.8194415282497125,-0.017941125964015706
1.95,-4322.707713333249,0.8194540503643003,-0.016964420974557016
1.96,-4349.417414722472,0.8194861470633212,-0.020160171944932397
1.97,-4387.926915910148,0.8194944336449401,-0.017019593447747637
1.98,-4429.415514498678,0.8194656556710397,-0.003969335461329137
1.99,-4423.531172344922,0.8194059120531912,0.017177030353906275
2.0,-4398.689752569687,0.8193571516363932,0.03474317205146728
2.01,-4426.064905616563,0.8193183345834273,0.050866332092899334
2.02,-4413.4928945567335,0.8192662271253016,0.07008196471777713
2.03,-4412.026480259491,0.8192226368738428,0.08556721330972057
2.04,-4383.8649152265025,0.8191862471088831,0.09727115465707356
2.05,-4376.834904631443,0.8191735524236348,0.1000362717905811
2.06,-4358.908468248785,0.8191678674486295,0.10060090660978366
2.07,-4349.719129728242,0.819182525373244,0.09241031186303227
2.08,-4397.8701338130595,0.8191893736839513,0.08979749264617946
2.09,-4379.025920388737,0.8191700400612054,0.09057818897585244
2.1,-4371.833220880216,0.8191615367962537,0.08643325207618015
2.11,-4340.207970415745,0.8191656128634289,0.07785368627530716
2.12,-4315.52115975397,0.8191966462617354,0.06145579975562138
2.13,-4274.80522106356,0.8192544400777034,0.03771137853484561
2.14,-4280.143802226687,0.8193416927803964,0.005760377740873916
2.15,-4307.890154986668,0.8194180372817228,-0.024287707356290867
2.16,-4296.088458164424,0.8194764309502629,-0.05103283385798818
2.17,-4265.552909073962,0.8195474459687634,-0.08282761553480593
2.18,-4314.900599198372,0.8196312803378494,-0.11591294230432254
2.19,-4382.73536146775,0.8196622916316134,-0.12500079813043877
2.2,-4353.202008646144,0.8196521936080616,-0.1254869962965851
2.21,-4352.424243058141,0.819658971166839,-0.13034919193266128
2.22,-4365.50586201879,0.8196631620577881,-0.12898901820971484
2.23,-4360.369392735099,0.8196610976258959,-0.12534419883708664
2.24,-4390.593697400563,0.8196557384768614,-0.11757397482199773
2.25,-4388.405470044611,0.8196273938408757,-0.1020478019329687
2.26,-4367.937537035988,0.8196085009154933,-0.09154253590307158
2.27,-4412.855279302108,0.8195904599920771,-0.0762858609295146
2.28,-4380.629555544217,0.8195505059173862,-0.05672287024196029
2.29,-4363.056875429707,0.8195355087803758,-0.04371474697488035
2.3,-4348.203582613028,0.819536463773734,-0.03394717495275472
2.31,-4383.279055357967,0.8195445949928304,-0.025927733637299374
2.32,-4430.301181846179,0.819515890359938,-0.007490879631931572
2.33,-4453.302904249005,0.8194526975174721,0.019546021958431463
2.34,-4486.91845821541,0.8193609010530136,0.056536357502852755
2.35,-4471.851627203805,0.8192520749047054,0.09896292577992086
2.36,-4480.2800054560175,0.8191497218187505,0.13909983934865788
2.37,-4447.572042827719,0.8190513086051749,0.17402464236608164
2.38,-4419.325288969561,0.8189828292448049,0.19384389961578943
2.39,-4371.20899963693,0.8189454824933244,0.2002057276099663
2.4,-4304.500072000554,0.8189579384149752,0.18497437521278356
2.41,-4258.1970529222,0.819029952852028,0.1523099150372578
2.42,-4292.302734746832,0.8191304222410885,0.12044107004842128
2.43,-4328.302111118346,0.8191987876185778,0.0995018207020299
2.44,-4324.254149931063,0.8192416451045057,0.07827307567473364
2.45,-4314.529050655929,0.8192853885416542,0.05442487157279364
2.46,-4317.01445351518,0.8193358503841572,0.027825464576549545
2.47,-4328.643110585074,0.8193803098375068,0.0021530820616684804
2.48,-4317.462231590912,0.8194190833111404,-0.02267228106974244
2.49,-4322.385507378956,0.8194640633674324,-0.04873902878366607
2.5,-4365.250569875941,0.8194964344438761,-0.0685888650508673
2.51,-4373.118953171891,0.8194952376864258,-0.07640720618150756
2.52,-4398.986421934976,0.8194862118392116,-0.08041310481830995
2.53,-4465.727024568806,0.8194381243365796,-0.06760587732320004
2.54,-4394.791569279225,0.8193613417935667,-0.050347439093557496
2.55,-4396.370789140946,0.8193328057626589,-0.04322651341025789
2.56,-4426.748379442228,0.8192976442566111,-0.030087011475128142
2.57,-4435.536140400819,0.8192434642363424,-0.011441498330081382
2.58,-4416.908499261986,0.8191828068142264,0.010018667288534289
2.59,-4368.474259409895,0.8191483746602504,0.024074804586139937
2.6,-4332.954466547506,0.8191530088795123,0.027434609470488643
2.61,-4282.571355168633,0.8191980758945051,0.01828344503238668
2.62,-4285.079404899616,0.8192776396570048,-0.0007170624962820209
2.63,-4307.371837537412,0.8193542688348044,-0.020218278628489846
2.64,-4375.864699586127,0.8193996613145206,-0.031296287779732285
2.65,-4410.585909940747,0.8193867894906224,-0.026472239436251734
2.66,-4378.165785006939,0.819352589797562,-0.017057436845061603
2.67,-4330.832865495625,0.8193502926108002,-0.01638050818213704
2.68,-4344.285202606556,0.8193794032762548,-0.022928547218788252
2.69,-4362.7489408023885,0.819396949211446,-0.025670884897094008
2.7,-4368.256815166507,0.8194001872106116,-0.024850241016514472
2.71,-4350.763209005269,0.8194012040549533,-0.023676093295542464
2.72,-4342.101017750689,0.8194171943202591,-0.02662539142661065
2.73,-4357.922676032728,0.8194354241517041,-0.029408798141662373
2.74,-4359.077300138426,0.8194421884574112,-0.029108335707184095
2.75,-4317.736885008366,0.8194553517593528,-0.03150230852270776
2.76,-4306.657093209739,0.8195010889483324,-0.043070255902610675
2.77,-4312.841971024722,0.8195512477001912,-0.05512183211726741
2.78,-4313.697575024016,0.8196014425805429,-0.06817795390207758
2.79,-4362.4161005905935,0.8196357009676744,-0.07437106814528534
2.8,-4371.632386558576,0.8196376539505136,-0.07208784215845299
2.81,-4447.876898268327,0.8196129893199922,-0.060151883242478256
2.82,-4439.75967460131,0.8195346876629606,-0.034775174477971404
2.83,-4432.282502675662,0.8194660904599467,-0.011911143218723434
2.84,-4467.617090626821,0.8193908353575495,0.016299745948337354
2.85,-4420.454850914863,0.8193049824546843,0.047508195014315406
2.86,-4380.526309130701,0.8192598544279821,0.06622870499966212
2.87,-4385.419967595299,0.8192449495840619,0.07631373367119447
2.88,-4372.890378249898,0.8192289911260415,0.08562739939890965
2.89,-4305.248214936327,0.8192381764939058,0.08242291739818862
2.9,-4281.130613537205,0.8192989742587619,0.06459616165252745
2.91,-4277.1305939543,0.8193799035084507,0.041957466810763816
2.92,-4283.723121863522,0.8194628780234157,0.01653109513047563
2.93,-4311.299091488524,0.8195353308891496,-0.008206365294809833
2.94,-4345.246314346086,0.8195780758680735,-0.02566026676217916
2.95,-4332.613980141896,0.8195986953106897,-0.03790790085481035
2.96,-4345.827289285478,0.8196235492164908,-0.05067349740946838
2.97,-4376.521252332554,0.8196326742790037,-0.05694095824642697
2.98,-4408.547451065383,0.8196130476798488,-0.053639331743532165
2.99,-4391.88245549314,0.8195719138787202,-0.04422171376717188
3.0,-4350.5988320361685,0.8195507009379073,-0.04004058521971009
3.01,-4321.785940814732,0.8195650564586803,-0.04431099559597366
3.02,-4359.890136561093,0.8195957746887689,-0.05120756270921447
3.03,-4395.282900267618,0.8195900029777724,-0.04633627786283038
3.04,-4396.661703147648,0.81956326143324,-0.03707083729673476
3.05,-4454.894508488037,0.8195176013438614,-0.020460033771032234
3.06,-4461.213540812204,0.8194339181738908,0.00673653544526663
3.07,-4503.156427442698,0.8193339746474316,0.04091764386439536
3.08,-4466.071177729835,0.8192116149912965,0.08370749233663825
3.09,-4427.831965037868,0.8191270507213442,0.11256893550739543
3.1,-4427.731899301172,0.8190680802560295,0.1348595609266757
3.11,-4387.866362231471,0.8190234625210802,0.14816545737177003
3.12,-4368.993678630491,0.8190104325903932,0.14949573376811334
3.13,-4356.202261604724,0.8190157819445114,0.14490288872295878
3.14,-4353.261648278436,0.8190322849064595,0.13594823938070136
3.15,-4373.985509001859,0.8190470451629726,0.1278361925223275
3.16,-4357.650456583079,0.8190483983665374,0.12102559095655845
3.17,-4316.003365469315,0.8190721235475292,0.10272100844238138
3.18,-4348.9300917916735,0.8191169018848261,0.08276191786736717
3.19,-4363.565131643253,0.8191360840879935,0.06949236973450752
3.2,-4313.594296467395,0.8191533729751926,0.0529424102256371
3.21,-4280.56386523756,0.819213756297615,0.024587153684126405
3.22,-4325.030374346367,0.8192871786945954,-0.006187061797731985
3.23,-4339.142514381815,0.8193287956676053,-0.028994057650792607
3.24,-4375.791652472992,0.8193510154102358,-0.04538365152895381
3.25,-4393.6596041823905,0.8193404808200159,-0.05024027139069176
3.26,-4363.2102865226025,0.8193224344682773,-0.05262332882043855
3.27,-4306.517651152011,0.8193363369597697,-0.06336844549890847
3.28,-4328.845734335667,0.8193894665622198,-0.08256469933329527
3.29,-4388.149164005857,0.81941297431453,-0.08724374606405264
3.3,-4413.2212190059945,0.8193939217016372,-0.08029826500398182
3.31,-4457.252594537447,0.819340573652837,-0.06197192126547861
3.32,-4419.938986142018,0.8192664842206178,-0.03996441651561326
3.33,-4420.348911031876,0.8192158633129927,-0.021575750630474507
3.34,-4376.5303668707675,0.8191748785054606,-0.0042596533527576716
3.35,-4343.947469979976,0.8191755173981027,0.0016563402235040788
3.36,-4354.042059072455,0.8191954491018217,0.0031287350946740842
3.37,-4334.52995195949,0.8192159765049227,0.0030563751606867604
3.38,-4334.418331435403,0.8192489563422019,-0.0012989140959840976
3.39,-4334.682640791183,0.8192811635800492,-0.006163557877071449
3.4,-4306.630119749516,0.8193189595273829,-0.014095285784393733
3.41,-4301.097434758811,0.819376950673924,-0.028420491731242236
3.42,-4297.74730607666,0.819438804219981,-0.04444452972171007
3.43,-4318.763785668711,0.8195007340045144,-0.06103469515598097
3.44,-4359.896760474374,0.8195351230657097,-0.06809226804916951
3.45,-4342.183812564991,0.8195448155494708,-0.06971688095061382
3.46,-4343.954863327593,0.8195639075040411,-0.07368899849368897
3.47,-4384.2097504946805,0.8195749058329236,-0.07272586871140257
3.48,-4428.062740845226,0.8195464484898636,-0.059199158570282864
3.49,-4415.813128102117,0.8194904676578586,-0.04006838896419443
3.5,-4424.774105719204,0.8194382429796977,-0.020515950766737963
3.51,-4404.340072157134,0.8193857595202637,0.00013089476942885388
3.52,-4430.781309852948,0.8193444023117546,0.01886843439065539
3.53,-4434.39913592095,0.8192810038370466,0.044696781489629224
3.54,-4353.642281465868,0.8192337573679178,0.06304455334488353
3.55,-4261.567082880265,0.8192598907602204,0.057639595930389004
3.56,-4222.688348505826,0.8193652921181649,0.03097284628546125
3.57,-4228.431945901628,0.8194948346921215,-0.0027821472534924397
3.58,-4177.561088028189,0.8196362127580166,-0.046147678494336715
3.59,-4245.014163589207,0.819796540284063,-0.09897382880490871
3.6,-4307.821000779579,0.819893376121465,-0.12846047780693273
3.61,-4318.007076831403,0.8199420470960328,-0.14488932791074755
3.62,-4342.299962714818,0.8199722429725582,-0.15375303213766642
3.63,-4360.6211215922995,0.8199810387346835,-0.1539664252210798
3.64,-4384.058826609753,0.8199708532187652,-0.14668812781047602
3.65,-4390.703104643624,0.819940613650575,-0.13260527927816385
3.66,-4365.450966871109,0.8199118601207986,-0.12117280373247467
3.67,-4388.224782923135,0.8198958332957427,-0.10960863094265391
3.68,-4395.536865944631,0.8198627324032595,-0.09108096132902878
3.69,-4413.24588146302,0.8198237911382369,-0.07180282755540285
3.7,-4449.735884848778,0.8197614032740138,-0.04429569641999933
3.71,-4432.998919137282,0.8196795553927799,-0.0120490282938628
3.72,-4419.485412898506,0.8196099493071912,0.018645660810015365
3.73,-4406.498217010976,0.8195559204024899,0.04542942882345453
3.74,-4407.671701817864,0.8195103483401727,0.0695071654839675
3.75,-4375.817722299039,0.8194735780651727,0.08793621157688374
3.76,-4356.264738162683,0.8194617532068402,0.09619443309685115
3.77,-4309.293703933416,0.8194764732869957,0.09298298677122337
3.78,-4333.966909049506,0.8195205562170063,0.08174351403799468
3.79,-4336.95278689034,0.8195449542823388,0.07555432725947639
3.8,-4304.601517476134,0.8195764976059278,0.06220372360898333
3.81,-4294.874566509991,0.8196276710771874,0.043509766385045626
3.82,-4269.329887578562,0.8196948139763887,0.01853324064538242
3.83,-4285.654237802281,0.8197741616552594,-0.010877661166608732
3.84,-4317.357308656315,0.8198383059020465,-0.03745844234036895
3.85,-4384.598783613545,0.8198624622726811,-0.05162772377596904
3.86,-4374.55135845144,0.8198394479950829,-0.05257410645328567
3.87,-4362.432943156513,0.8198252468867151,-0.055834540819061355
3.88,-4394.0876561350715,0.8198111541918627,-0.055667275142498814
3.89,-4402.858394306852,0.819775590124902,-0.04839281571162057
3.9,-4442.023011602153,0.8197267345794547,-0.03587287484072779
3.91,-4479.147442185014,0.8196392512877989,-0.01084553112887079
3.92,-4427.220979170024,0.8195390248707735,0.01784776467732551
3.93,-4442.772880616744,0.8194721576563648,0.0396415901470372
3.94,-4456.61347651109,0.8193922398818365,0.06756009524037836
3.95,-4429.319428119664,0.8193122262215774,0.09387123913833004
3.96,-4410.212512875111,0.8192539436931403,0.11237730822691484
3.97,-4423.849376077964,0.8192120062706191,0.12536633592793958
3.98,-4461.7354737711785,0.8191505777680148,0.146895615035758
3.99,-4414.519112490899,0.8190748315472498,0.1656725062382634
4.0,-4371.189066202176,0.8190400662303594,0.16573783660244318
4.01,-4385.694358233266,0.8190379523611285,0.15917224114862355
4.02,-4459.647123577168,0.8190106862225193,0.16727966640477804
4.03,-4462.019004554925,0.8189329039769577,0.18553422642900538
4.04,-4475.135580237202,0.8188486326297135,0.20043297134805585
4.05,-4442.120053390152,0.8187599303146706,0.2149683677586476
4.06,-4391.796955359633,0.8187095361352263,0.20905390938624085
4.07,-4376.601678683884,0.8186962909599101,0.1968591880055707
4.08,-4354.100319661207,0.8187049874422321,0.17798394341297882
4.09,-4378.810917430278,0.8187234335172726,0.1608396398683908
4.1,-4384.36147780436,0.8187253589518557,0.1481738070848773
4.11,-4383.49160569176,0.8187221527128685,0.13424520607777596
4.12,-4365.84640762351,0.8187226114602407,0.11813151963843703
4.13,-4336.676226722608,0.8187409108762109,0.09666606428316034
4.14,-4289.203321853291,0.8187892994814006,0.067876611416303
4.15,-4232.627603235804,0.8188832350395944,0.027411811384858233
4.16,-4210.651475626132,0.8190235467820978,-0.02898189750493619
4.17,-4207.927242827216,0.8191781952225414,-0.09623264733666777
4.18,-4201.314801040071,0.8193395015373621,-0.16794009527776552
4.19,-4302.823690690177,0.8194800667515058,-0.21954201610142451
4.2,-4333.736630219758,0.8195384700519479,-0.23356402671846202
4.21,-4332.543796384637,0.8195736616076476,-0.24740701715182734
4.22,-4363.692092715883,0.8195958720541201,-0.2477971132940998
4.23,-4364.7831741002865,0.819598994676137,-0.24144119277538229
4.24,-4389.7959341915575,0.8195927717735207,-0.22826389155694451
4.25,-4406.906010985923,0.8195665116704689,-0.2061819145941494
4.26,-4392.867201312861,0.8195273728287028,-0.18173718695837807
4.27,-4332.912411035257,0.8195127358461852,-0.1705090713415814
4.28,-4325.318298917654,0.819539903528293,-0.1650574445803746
4.29,-4295.92570013715,0.819581531064303,-0.16044581432794114
4.3,-4295.965578634699,0.8196440047486928,-0.16110522219794915
4.31,-4290.747897498256,0.8197065258756862,-0.15949884513490625
4.32,-4313.573352162257,0.8197696057497299,-0.15845035377753902
4.33,-4346.851290722061,0.8198052676858072,-0.14602943237934482
4.34,-4352.399459399249,0.8198187342514515,-0.1321129180613165
4.35,-4414.036739032601,0.8198114970019825,-0.11010082819181359
4.36,-4430.648719911414,0.8197560654169034,-0.07788514525331228
4.37,-4389.286709789428,0.8196965473995645,-0.04884424452919044
4.38,-4394.459378661483,0.8196657147518207,-0.02418409041615443
4.39,-4441.0894247868655,0.8196226419791631,0.005568563485642623
4.4,-4448.227014056288,0.819546169511776,0.04456979025499853
4.41,-4390.672320090168,0.8194737571898743,0.08045289311480322
4.42,-4334.292799446338,0.8194567039016312,0.09403639405527049
4.43,-4344.966457694095,0.8194768184394408,0.0969491589440698
4.44,-4333.81138567004,0.8194970557357744,0.09688279806005463
4.45,-4355.745079099217,0.8195185270025455,0.09453518858823032
4.46,-4335.185317879594,0.8195292136696607,0.09167197330051712
4.47,-4372.268687060877,0.8195485612355422,0.08469111585989898
4.48,-4417.781177948807,0.8195281168494837,0.0906801064347159
4.49,-4401.031742357104,0.819483151612247,0.09789288020112773
4.5,-4431.1045979824285,0.8194392867032513,0.10550399423549758
4.51,-4440.625351368435,0.8193746670235766,0.11915016999498676
4.52,-4424.44824349244,0.8193057476204872,0.13134559804800386
4.53,-4411.388978737515,0.8192534766831706,0.1366295831952281
4.54,-4414.071053629468,0.8192082158522003,0.14172656924258528
4.55,-4366.27035915625,0.8191758376276838,0.13831072865350696
4.56,-4408.51199906459,0.8191694904871538,0.13050743473860013
4.57,-4456.29426397801,0.8191240380495015,0.1391779416906843
4.58,-4457.865327631242,0.8190464216613729,0.15183086212571956
4.59,-4436.798237628986,0.8189679927012642,0.16213350121760375
4.6,-4378.921499257576,0.8189185842363713,0.15902503287952452
4.61,-4334.977593307144,0.8189198476871539,0.1411499325265557
4.62,-4306.451783645089,0.8189611660674873,0.115291450532762
4.63,-4305.592220863502,0.8190253468754742,0.08666317851574945
4.64,-4332.673911993504,0.8190844755006288,0.06090498685485765
4.65,-4319.86479875707,0.8191259223603202,0.03658175467267218
4.66,-4317.791892555856,0.8191770920940195,0.008034968777366203
4.67,-4327.8833104497535,0.8192234096497821,-0.018795938944752302
4.68,-4309.786620985988,0.8192701579639268,-0.04630446008527921
4.69,-4350.977461890464,0.8193170247782,-0.07124460621408085
4.7,-4356.58725457969,0.8193351452041954,-0.08535087496085604
4.71,-4347.966873167423,0.8193471101592702,-0.0962143408271288
4.72,-4285.578603146347,0.8193778685336983,-0.11304118618302066
4.73,-4303.861057072832,0.8194508377037009,-0.139132401206687
4.74,-4343.617160492176,0.8195002445989259,-0.14884074143669182
4.75,-4340.585571722297,0.8195260969968524,-0.15385771563866987
4.76,-4382.790587228766,0.8195398137494869,-0.15051659886023952
4.77,-4399.825880746433,0.8195212932488983,-0.13621759955936832
4.78,-4393.95416369351,0.8194891510240423,-0.1198679095774897
4.79,-4379.5984862220375,0.8194649032473147,-0.10597480722147452
4.8,-4381.6117940451395,0.8194488339491113,-0.09144247496496974
4.81,-4364.223696281572,0.819437721930993,-0.07807961607457893
4.82,-4365.239469086652,0.8194365054815982,-0.06601104399760516
4.83,-4318.288180760182,0.8194455980960382,-0.0576720430685801
4.84,-4335.105324912519,0.8194869910548968,-0.05773426974632988
4.85,-4402.135763628741,0.8195001349470463,-0.047844861489987046
4.86,-4368.605296115405,0.8194732082509533,-0.030360737394181568
4.87,-4320.295006667876,0.8194783140258037,-0.023147118430191918
4.88,-4343.481841610575,0.8195122036990234,-0.022943184254876313
4.89,-4370.850186224952,0.8195271049316957,-0.018079490673026537
4.9,-4413.419888560079,0.8195133930588976,-0.00617824306537121
4.91,-4414.347661320067,0.8194663823746885,0.014093262774576943
4.92,-4395.62334112294,0.8194236181751682,0.03216033713847916
4.93,-4375.892499119007,0.8193944445473271,0.04618182658563228
4.94,-4337.176755014812,0.8193925332677497,0.05022609141332547
4.95,-4337.005388610768,0.8194141093484213,0.04762573756113587
4.96,-4276.649368941727,0.819452860593678,0.037307564835873566
4.97,-4294.509628507609,0.8195301218919918,0.01615511884129243
4.98,-4338.599818597321,0.8195865383108678,4.287243854150802e-5
4.99,-4391.117176923938,0.8196016485247593,-0.00607302865525412
5.0,-4409.464037360102,0.8195711539826251,-7.2827907729333676e-6
5.01,-4405.114029443237,0.8195293869314375,0.008826921450988342
5.02,-4407.840289420112,0.8194860319142298,0.019314548434094074
5.03,-4375.603223883033,0.8194510069479788,0.027222826263586814
5.04,-4380.252877615364,0.8194371951379529,0.029972547198860867
5.05,-4394.743502695154,0.8194193598416022,0.034347168586941736
5.06,-4392.496885776786,0.8193915099596236,0.041078455691939554
5.07,-4391.641708792333,0.8193673028865442,0.04626581022929865
5.08,-4407.6149942715,0.8193375276162387,0.05375050408236461
5.09,-4341.574279772585,0.819311519770388,0.05764762073717786
5.1,-4303.804192124588,0.8193407779855502,0.04516359427235557
5.11,-4317.540284401163,0.8193940766744995,0.027979384388805782
5.12,-4306.770071324969,0.819442132971937,0.010587938315224695
5.13,-4303.527313183084,0.8194981638859951,-0.010309843093025014
5.14,-4320.837459930872,0.8195503943591238,-0.03033801360789994
5.15,-4313.130869552198,0.8195936021978666,-0.04861668404041476
5.16,-4359.837747409382,0.8196305710351546,-0.06361156146059746
5.17,-4364.95073914796,0.8196316423929393,-0.0670739878216807
5.18,-4385.3762544444935,0.8196278821312895,-0.06896145131973791
5.19,-4443.585749873933,0.8195912511528132,-0.05755793558722644
5.2,-4404.3352623846695,0.8195251633585127,-0.0400391062025695
5.21,-4367.16303179231,0.8194898182054553,-0.029530383148767214
5.22,-4337.502779886358,0.8194914550898126,-0.027736276520990564
5.23,-4378.024628956592,0.8195058038678051,-0.0276194846724934
5.24,-4364.0294067856685,0.8194957956403577,-0.021262453391617933
5.25,-4362.289186809405,0.8194970980036785,-0.018654530648512947
5.26,-4388.131024667353,0.8194915104297991,-0.013108022327202207
5.27,-4384.1001789080065,0.8194710526267659,-0.004136121926605559
5.28,-4383.449678808702,0.8194519350637832,0.004417135942380431
5.29,-4416.084324593191,0.8194290347333513,0.01449884417265442
5.3,-4469.317716714561,0.8193708832500783,0.03553899833924182
5.31,-4467.50267085182,0.8192756422974521,0.06745932629589978
5.32,-4417.756040923618,0.8191893809952903,0.09521769437823006
5.33,-4363.394447198356,0.8191519121158402,0.10494022542938714
5.34,-4353.649493151717,0.8191566498285828,0.1030448340643242
5.35,-4367.716146560218,0.8191701457170651,0.09934628401485383
5.36,-4401.8759296925155,0.8191655958841249,0.10104498329287898
5.37,-4371.309662745076,0.8191425424865169,0.10374167290421686
5.38,-4325.832315224961,0.8191500345312691,0.0934302986764995
5.39,-4333.107143714419,0.8191889373256134,0.07687314765690871
5.4,-4330.506638873877,0.8192219041392366,0.062388097013390126
5.41,-4256.291069799364,0.8192741546527381,0.03883162262756059
5.42,-4257.15516031901,0.8193764654153849,0.002378597245550888
5.43,-4234.998338851895,0.8194824559620307,-0.03768684524878647
5.44,-4241.9571111078385,0.8196067306406027,-0.08740012868259442
5.45,-4297.3304153545805,0.8197070788770094,-0.12635275146201935
5.46,-4274.083213193523,0.8197760441878383,-0.1562642158670466
5.47,-4289.196827540094,0.8198513924280414,-0.18529017544791676
5.48,-4297.76864182881,0.8199157513841475,-0.20609385070431094
5.49,-4354.827015372521,0.8199606397111023,-0.21413021071462404
5.5,-4396.015849609713,0.8199552632133893,-0.2009073906124608
5.51,-4425.8280452153,0.8199134659727507,-0.17939902721923698
5.52,-4446.904156697276,0.8198440184335842,-0.15005931155753086
5.53,-4479.031924903734,0.8197543208839078,-0.11591777964967491
5.54,-4503.356478400888,0.819635189810906,-0.0746607727868593
5.55,-4481.573021937058,0.819504991482231,-0.031181133095320016
5.56,-4465.092007089567,0.8193944614484422,0.015194250978144435
5.57,-4469.712900465516,0.8192969578674537,0.0629493813855826
5.58,-4425.745164519982,0.8192060163562711,0.10854422745745941
5.59,-4359.303876864408,0.8191637349584973,0.13076740126914121
5.6,-4352.507914497889,0.8191704484665618,0.13657834646233294
5.61,-4354.468065934051,0.819185650698545,0.13921031919411841
5.62,-4345.7675077126805,0.8192009239864765,0.13797654223709516
5.63,-4345.457684389612,0.819224244298061,0.13068514512589977
5.64,-4386.122690164726,0.8192373800792031,0.12784476057169247
5.65,-4382.696040372058,0.8192230210570912,0.129012841616255
5.66,-4345.052201722775,0.8192155832902623,0.1222254898878172
5.67,-4288.972736479829,0.8192476969958237,0.10099312545130487
5.68,-4293.570389891404,0.8193176899544241,0.07375609683737518
5.69,-4243.157202562489,0.8193956366249051,0.04369739128875002
5.7,-4247.613099078434,0.8195122564380364,0.0010594062267557547
5.71,-4318.276685238381,0.8196055680537664,-0.03695770467261354
5.72,-4342.238438571143,0.8196495986156729,-0.06288705476722119
5.73,-4435.757610061343,0.8196498053112027,-0.07195593332046807
5.74,-4452.631030263311,0.8195795598921642,-0.0596490942875486
5.75,-4436.821511658669,0.8194987778660313,-0.044763999654406916
5.76,-4444.925435614511,0.8194268685588921,-0.02854061949152727
5.77,-4461.324557329538,0.8193477599745157,-0.007330396997296399
5.78,-4448.8592823465915,0.8192611575813691,0.017873041379944728
5.79,-4445.303074705451,0.8191853605635326,0.041955315613804105
5.8,-4437.511216634606,0.8191141637343818,0.06621824206800397
5.81,-4392.821254281894,0.819058711080296,0.08450259058398615
5.82,-4313.868714868752,0.8190516596982721,0.08503485075080827
5.83,-4263.1656213786155,0.8191134583388728,0.0658069907763244
5.84,-4260.613291793673,0.8192143949755278,0.0385848172300238
5.85,-4306.645745052702,0.8193101558724287,0.011285102037207177
5.86,-4333.565327027835,0.8193641450755704,-0.007348428089325883
5.87,-4313.111050105445,0.8194027145026909,-0.023957208134294205
5.88,-4315.492127152397,0.8194509818145774,-0.04315023892137712
5.89,-4336.300543696914,0.8194955655551825,-0.06053739698020119
5.9,-4387.898583723737,0.8195127088370321,-0.06761874570974934
5.91,-4416.965442217086,0.8194881713475647,-0.061921030854945984
5.92,-4427.557026420258,0.8194360258557881,-0.04796206081547704
5.93,-4380.251435804392,0.81938820429639,-0.035288515104690533
5.94,-4428.404125067751,0.8193644582275715,-0.02591614248020543
5.95,-4470.408188980096,0.8192982466908194,-0.00276810378578034
5.96,-4469.03504735543,0.819205229144214,0.028081748974468232
5.97,-4432.793819552847,0.8191150749656657,0.05971668058396252
5.98,-4372.327362398318,0.8190693109307343,0.07628110011077069
5.99,-4375.042731956019,0.8190625463841277,0.08277257397337129
6.0,-4291.928640864644,0.8190757227192823,0.07945887912588886
6.01,-4254.552177736806,0.8191571710063567,0.05583004510587367
6.02,-4296.553360598632,0.8192563160712991,0.030527299050879718
6.03,-4302.40640890592,0.8193258895274546,0.009418633781954592
6.04,-4307.793467384561,0.8193892791813401,-0.012582612642207398
6.05,-4357.613691591089,0.8194348244730383,-0.029425774373351032
6.06,-4364.428079065609,0.819443528307704,-0.03621357598189547
6.07,-4363.616412292239,0.8194453147369767,-0.04086650665183811
6.08,-4361.827232016724,0.8194467674447927,-0.04418260276172532
6.09,-4366.691271655941,0.8194488748140267,-0.04650260884538966
6.1,-4365.302936499915,0.8194476855820978,-0.04683538789722472
6.11,-4374.664851241184,0.8194456247697227,-0.045861218500514646
6.12,-4348.3976630608595,0.819440410386422,-0.04359176904073934
6.13,-4321.6997852518425,0.8194620355236037,-0.048972041477314106
6.14,-4342.962401728379,0.8194957230558952,-0.055724284964153034
6.15,-4350.162999550932,0.8195164990257916,-0.05874322484788574
6.16,-4365.456564529291,0.819525757202918,-0.057967460663580064
6.17,-4369.484185245874,0.8195254518999193,-0.05457735560757631
6.18,-4401.266353544184,0.8195121429314078,-0.04619946830064047
6.19,-4370.079536074004,0.8194841548547926,-0.03460154766198495
6.2,-4361.015240350791,0.8194784735725549,-0.028664025200064693
6.21,-4331.178182415493,0.8194853803230426,-0.025888373010184297
6.22,-4348.184173361793,0.8195141383378606,-0.02917392077013119
6.23,-4389.9628836876445,0.8195180909490059,-0.024546266116108956
6.24,-4366.290945936682,0.8195017326814601,-0.016266567696764392
6.25,-4391.402130978994,0.8194924320603059,-0.00930217092710753
6.26,-4393.937776594791,0.8194663154094618,0.0023059288524469443
6.27,-4386.89732470466,0.8194396984651817,0.013535345766776648
6.28,-4374.024708460595,0.8194196687161988,0.022734669126566586
6.29,-4349.514057059935,0.8194152470924025,0.026674420062755645
6.3,-4364.782738833364,0.8194263792049561,0.026159561245344777
6.31,-4380.419227101551,0.8194222641451208,0.029604900562026158
6.32,-4366.155600098239,0.8194131606479839,0.032621612794122255
6.33,-4404.275119872449,0.8194030434195687,0.03647654953968148
6.34,-4387.4045424629985,0.81937040059321,0.04561133301490372
6.35,-4376.116059935574,0.8193529325744933,0.049134815169549026
6.36,-4399.826611591086,0.8193374106155225,0.053195315572207844
6.37,-4389.947607207434,0.8193076670403117,0.06028142985429667
6.38,-4323.163427546798,0.8192984888749328,0.0586499608788813
6.39,-4337.779047520319,0.8193367430681502,0.04480447014618107
6.4,-4399.253093392036,0.8193499582738903,0.039948333122210515
6.41,-4380.152918939762,0.8193272794694313,0.04205096440864319
6.42,-4363.377125769027,0.8193162846464543,0.040223387223367504
6.43,-4358.716617045137,0.8193218061516688,0.03404010430155419
6.44,-4419.09713383389,0.819317356382319,0.032237149690862076
6.45,-4442.0218578541735,0.819267414432838,0.04307800033911538
6.46,-4447.689760868465,0.8191969563731982,0.05986073593834741
6.47,-4368.683387044609,0.8191366403496004,0.07211257639063812
6.48,-4299.606293439577,0.8191495768827629,0.06161036270602457
6.49,-4278.734257915404,0.8192147023806439,0.04024713564511065
6.5,-4256.134963555955,0.8193062093857254,0.010657258864074492
6.51,-4303.035245207474,0.8194019642859535,-0.02114450977872669
6.52,-4320.982523924739,0.8194601011486534,-0.04392307175778569
6.53,-4302.789473467138,0.8195070247244678,-0.0648943150282264
6.54,-4294.902981311116,0.819565224620549,-0.08872712800967784
6.55,-4280.752640778303,0.8196318890719909,-0.11430209561246443
6.56,-4312.0872722120275,0.8197033595632877,-0.13833157948920605
6.57,-4355.003032312946,0.8197401725171463,-0.145544143085408
6.58,-4355.970504138357,0.8197488157757714,-0.14633276152769856
6.59,-4410.383372464909,0.8197407479010829,-0.13763523064308933
6.6,-4424.954385520895,0.819692060852628,-0.1165656652461299
6.61,-4432.017988262296,0.8196298891742462,-0.0940092310981053
6.62,-4402.272328018916,0.8195673998299798,-0.07118691658521356
6.63,-4373.744249197195,0.8195340559740277,-0.05463622547479
6.64,-4365.839954770338,0.8195226097888568,-0.04126867163040136
6.65,-4362.86307941584,0.8195200580226927,-0.03001675340519796
6.66,-4338.256968117105,0.8195236790264515,-0.02115534100006471
6.67,-4356.28129596346,0.8195455711024676,-0.017982945043678457
6.68,-4429.500934172975,0.8195352693629718,-0.005118648925338221
6.69,-4416.881936657165,0.8194798106827121,0.018144849142574533
6.7,-4442.535072618155,0.8194239761195383,0.04181197544235526
6.71,-4450.315658049283,0.8193488501852606,0.07191454685777027
6.72,-4431.479252779672,0.8192724479267102,0.10071422694938027
6.73,-4389.505894235459,0.8192186055435117,0.11905526193619191
6.74,-4390.773898193543,0.8191968958364306,0.1263759193635053
6.75,-4383.572010436772,0.8191752873307685,0.13405902973105033
6.76,-4349.022068042746,0.8191703892165552,0.13057328127164852
6.77,-4384.3564726422055,0.8191811250317946,0.1253070468587661
6.78,-4388.702651684892,0.8191662533330488,0.1270861126482013
6.79,-4335.889814335212,0.8191597635482536,0.11870521370656206
6.8,-4327.257569369976,0.8191912469638004,0.10015943889963713
6.81,-4328.491796150266,0.8192299519371089,0.08201214166168332
6.82,-4351.932158267705,0.8192653015664803,0.06404716036768718
6.83,-4355.218775252214,0.8192785734868585,0.05113277783381325
6.84,-4306.303982678746,0.8193030689976607,0.032292145669214276
6.85,-4329.642358068801,0.8193528507994938,0.00818506505751202
6.86,-4310.970265769261,0.8193923585788692,-0.013705508399821535
6.87,-4292.41865399458,0.8194473878190865,-0.0405536951751723
6.88,-4270.230677040119,0.8195194175192758,-0.072612447294163
6.89,-4300.553965152235,0.8196029273078831,-0.10693900671715445
6.9,-4366.523041556827,0.8196499237688297,-0.1236741717818082
6.91,-4414.909274895279,0.8196396344464242,-0.12034467157760105
6.92,-4403.325600056618,0.819592514621823,-0.107992078400639
6.93,-4387.625479464933,0.8195583426793746,-0.10044170917878054
6.94,-4406.043730796637,0.8195278398487608,-0.08823879671570581
6.95,-4381.041564919436,0.8194947131866968,-0.07572939541968064
6.96,-4387.3685202350325,0.8194746119906949,-0.06434632589364356
6.97,-4341.915081334102,0.8194614107679918,-0.05472903162651619
6.98,-4325.876412457937,0.8194847891216653,-0.05465921734244906
6.99,-4343.591523507276,0.8195158605515345,-0.055080338987992646
7.0,-4360.995893525496,0.8195331597048752,-0.05204707279130124
7.01,-4393.030210602059,0.8195303965562601,-0.04344024738664795
7.02,-4425.44602475279,0.8194973509172739,-0.02663043382611363
7.03,-4420.212054914703,0.8194409211170505,-0.0038318072170587434
7.04,-4405.805692695203,0.8193917108306733,0.01712903272071647
7.05,-4440.0548374934615,0.8193470971425639,0.038000934916275736
7.06,-4475.505413108847,0.8192697757634796,0.06982190357347236
7.07,-4386.2957878656425,0.819185416696265,0.0997439846576583
7.08,-4325.393081918436,0.8191788917509512,0.10040880165339369
7.09,-4316.263602262198,0.8192152489177853,0.09251755594730374
7.1,-4271.880747923526,0.8192759436363966,0.07433356132304994
7.11,-4314.198432966,0.819355722845615,0.053052501344550744
7.12,-4325.803042783779,0.8194050601090627,0.03735479480736785
7.13,-4328.458633208004,0.8194426888257764,0.021936712412978447
7.14,-4298.945058364815,0.8194821856095967,0.004521263581841595
7.15,-4289.385203712747,0.8195447122006906,-0.02001413132693036
7.16,-4297.227385177476,0.8196113719151117,-0.0458944865135057
7.17,-4319.634056432082,0.8196691479128819,-0.06929737595870052
7.18,-4342.426049506329,0.8197038704140499,-0.08440976894172726
7.19,-4378.071931588238,0.8197161073074739,-0.09119781097718753
7.2,-4400.594315424156,0.8196931733381849,-0.08531711884174911
7.21,-4367.709107688479,0.8196640264506464,-0.07974166036017323
7.22,-4400.173891842451,0.8196484440327401,-0.07410071770869801
7.23,-4422.15066618732,0.8196080701253219,-0.05947844018580213
7.24,-4441.511184974733,0.8195479723952345,-0.039198018956011535
7.25,-4427.545940886151,0.8194753011689997,-0.014490510854458686
7.26,-4386.885584872885,0.8194223775356566,0.005590040110502059
7.27,-4382.387095195803,0.8194001746608116,0.0182232017005731
7.28,-4378.2103968914125,0.8193827379468773,0.029542294865048765
7.29,-4343.259953872239,0.8193783121225579,0.0353300264610823
7.3,-4364.539750084671,0.8193942110651582,0.03518810079497333
7.31,-4407.433431699382,0.8193882250348788,0.04106836137107924
7.32,-4452.944029959436,0.8193419011127985,0.05791775279312598
7.33,-4427.029437959497,0.8192660117603825,0.08181927469261155
7.34,-4392.0021007238,0.8192167403508127,0.09467555518833327
7.35,-4362.154657852625,0.8191958068215655,0.09919733887628392
7.36,-4330.43590530245,0.8192098591360352,0.09099415776791868
7.37,-4352.746069812407,0.8192371541966953,0.08214444162322442
7.38,-4285.514954959248,0.8192671543259489,0.06792986265062192
7.39,-4295.946094546149,0.8193419470475383,0.04207926423613533
7.4,-4345.949618974968,0.819398261858083,0.021980749064658765
7.41,-4343.3258695278855,0.8194201851093335,0.008385614701897264
7.42,-4321.179503346567,0.8194459824185687,-0.0072292005674872446
7.43,-4342.557442428301,0.8194820201034849,-0.02476484552898152
7.44,-4333.775021723775,0.8195035900048864,-0.03777085973345038
7.45,-4322.934601016528,0.8195358776757746,-0.05393871538467465
7.46,-4357.960770608315,0.819565261975036,-0.06656088901724312
7.47,-4373.870098242248,0.8195694469160063,-0.070754393002242
7.48,-4392.8178986835055,0.8195550386532939,-0.06815018450346884
7.49,-4386.89063474454,0.8195295657839863,-0.06192124830821323
7.5,-4416.350681253923,0.819501499463245,-0.05278472860297446
7.51,-4422.614946291868,0.8194500359325683,-0.03590377436595607
7.52,-4355.923761560072,0.819407777110474,-0.022110770150051924
7.53,-4308.576339503767,0.8194233657816754,-0.02342121572905095
7.54,-4310.047924874771,0.8194727878888584,-0.03297445080126143
7.55,-4325.0941232958,0.819523395995337,-0.043326609364879684
7.56,-4398.020226988677,0.8195459359892873,-0.04471071856753307
7.57,-4415.476120889176,0.8195130213688423,-0.031637359914122955
7.58,-4426.088440469151,0.8194634081633645,-0.014465840309992473
7.59,-4413.018847104662,0.8194067085671192,0.005537362378692024
7.6,-4425.193753354356,0.8193608152062588,0.023274793640221485
7.61,-4458.733502084053,0.8192964789322283,0.048072791998019206
7.62,-4445.094489769481,0.8192162233004753,0.07682988487728153
7.63,-4440.211263357946,0.8191420033810332,0.10384017115103651
7.64,-4390.710222172339,0.8190866473899356,0.12095101381930627
7.65,-4409.075461339633,0.8190620384398126,0.1292318825935581
7.66,-4383.04846855053,0.8190308443929704,0.13863268041786228
7.67,-4319.348516110397,0.8190331019043258,0.1301507956805229
7.68,-4292.338401834928,0.8190852540427288,0.10869808338161988
7.69,-4277.888300119459,0.8191610591787715,0.08317070228684428
7.7,-4244.208462993318,0.8192551954189696,0.05159957659642487
7.71,-4272.103919565118,0.8193681182892283,0.013782363719676975
7.72,-4318.290526137838,0.8194490816765663,-0.018488700359032842
7.73,-4341.935972468651,0.8194938517209198,-0.04248598286436997
7.74,-4390.966258722768,0.8195058086397615,-0.05514007148589902
7.75,-4376.556822109697,0.8194851295368543,-0.05773709847771708
7.76,-4365.676121401408,0.8194769573051557,-0.06284704979720838
7.77,-4437.546431319232,0.819462122653521,-0.06097082295972503
7.78,-4488.354931060889,0.8193855098376138,-0.039933664919108956
7.79,-4467.034733890484,0.8192774862260155,-0.011221342067528894
7.8,-4434.31344277378,0.8191879362066391,0.015374675296544637
7.81,-4409.3372120068,0.8191317296081853,0.034637925818166576
7.82,-4423.977793065289,0.8190892023179212,0.051898117125855
7.83,-4363.889891816172,0.8190530018246772,0.06535698776449218
7.84,-4371.927647732664,0.8190588682974855,0.06620100075660958
7.85,-4389.284318892426,0.8190543977449859,0.07126759208207052
7.86,-4367.14079997128,0.819046077741618,0.07390502749398517
7.87,-4340.634376066418,0.819053758462179,0.07087769236457765
7.88,-4295.68539224215,0.8190934444999532,0.05690462297061648
7.89,-4285.5031473887575,0.8191637827479684,0.03537428506274788
7.9,-4254.125191912046,0.8192519507507372,0.00698182610020505
7.91,-4286.413459578714,0.8193536280892219,-0.026503009168961474
7.92,-4298.814823807656,0.8194290232974081,-0.05407376638745518
7.93,-4290.723113381677,0.819495656582555,-0.08058863657290469
7.94,-4293.860632783569,0.8195648870431703,-0.10704129643919676
7.95,-4325.315772456998,0.8196254699081582,-0.12768040182797524
7.96,-4384.024313420927,0.8196517161724043,-0.13282640134267087
7.97,-4462.965555173933,0.8196184271678719,-0.11622803089688886
7.98,-4488.272579443803,0.8195215375441339,-0.08495250862174733
7.99,-4504.3580751465615,0.8194033460127553,-0.051423194553219295
8.0,-4524.904441231953,0.8192664509494956,-0.008387095381950378
8.01,-4475.958020001333,0.8191278284185841,0.040273823290563844
8.02,-4428.852009406879,0.8190349260261278,0.0786923362617093
8.03,-4400.278690711794,0.8189833101978057,0.10425780311474947
8.04,-4326.3992841174995,0.8189702164316548,0.11318611757443857
8.05,-4304.399075258576,0.8190188784070833,0.10142081373642403
8.06,-4337.527808270081,0.8190736245310877,0.09239719304258452
8.07,-4294.856249111951,0.8191185073722964,0.07988145295376323
8.08,-4292.750549310373,0.8191889652959187,0.05912760284270841
8.09,-4272.1423748853695,0.8192667125729215,0.03503191809260216
8.1,-4311.525674337867,0.8193511870549592,0.0074952787626026895
8.11,-4338.616107766526,0.8193988975959334,-0.011364707314813434
8.12,-4331.8654043502565,0.8194293269977129,-0.027001994792514476
8.13,-4303.967267756032,0.8194634410140851,-0.04356902752991421
8.14,-4251.7003504507875,0.8195319751077205,-0.07160184018767761
8.15,-4285.776365427662,0.819627854668447,-0.10564111332243063
8.16,-4308.35919887482,0.8196969056143257,-0.12825549734519653
8.17,-4311.863262913039,0.8197465863656839,-0.14458950681528032
8.18,-4321.48390885074,0.8197910665417855,-0.15787132083431174
8.19,-4377.477336866257,0.8198155184431526,-0.15887499020299742
8.2,-4402.964692050983,0.8197939296522637,-0.1441256598602403
8.21,-4394.9096050691505,0.8197547455328797,-0.12841578372351325
8.22,-4411.336404318011,0.8197175821194668,-0.11146063965708018
8.23,-4438.740051270377,0.8196617516496871,-0.08632178766452701
8.24,-4379.246252101862,0.8195990914226103,-0.06255223576170958
8.25,-4331.163744448949,0.8195895329913515,-0.05147549452658495
8.26,-4346.368753622265,0.8196120354949717,-0.04598785599231216
8.27,-4387.8610442502295,0.8196194588517309,-0.03611637411083658
8.28,-4431.641298483796,0.8195874639855807,-0.016138114676304365
8.29,-4447.936135283282,0.8195197907712617,0.012975969526409396
8.3,-4416.623949089419,0.8194449663483013,0.04391578890870847
8.31,-4405.354257100384,0.819396843957745,0.06657693319697652
8.32,-4391.286757941072,0.8193566946029507,0.08652982359093736
8.33,-4328.431755177712,0.8193464146681579,0.09170564751829792
8.34,-4348.6367888943505,0.8193722271025613,0.08780147957047385
8.35,-4294.921652950375,0.8193986599115864,0.08040535340467538
8.36,-4295.259893164931,0.8194646425794987,0.060142111322615696
8.37,-4339.019451363818,0.8195186884030288,0.044877318762464334
8.38,-4344.0679821945705,0.8195434106830026,0.033808660044672936
8.39,-4332.384435755974,0.8195616142707665,0.02289801010684679
8.4,-4310.716399842968,0.8195940363159727,0.007043023183194918
8.41,-4315.642796145681,0.8196380789656482,-0.011797473294641729
8.42,-4302.441356128218,0.8196837448003086,-0.031859299562933076
8.43,-4329.214367428318,0.8197324383014419,-0.05236593267214478
8.44,-4380.087394383822,0.8197519831393092,-0.06262352957774056
8.45,-4418.92572567938,0.8197262175146723,-0.05867283461022339
8.46,-4439.513408665148,0.8196678736075617,-0.04525932617704598
8.47,-4446.254540508872,0.8195904599664834,-0.025264228424475732
8.48,-4400.978431476495,0.8195185268342671,-0.005728150142450279
8.49,-4365.021990129342,0.8194861758819246,0.0043517565636041885
8.5,-4350.122041541555,0.8194856971647833,0.006494966729477861
8.51,-4374.455842145576,0.8194923583883948,0.007192074922367435
8.52,-4371.57860942555,0.8194829679173312,0.011682141019012231
8.53,-4361.4711802170295,0.8194774600385616,0.014180758630639426
8.54,-4331.920811469437,0.8194830703937861,0.013025941774541631
8.55,-4301.411262710875,0.8195183048383913,0.0026946278841838496
8.56,-4316.664505303104,0.8195719951092468,-0.012652426128895892
8.57,-4376.587685605548,0.8196049889742595,-0.02214782201287259
8.58,-4382.929310994561,0.8195888505778142,-0.0185181172960957
8.59,-4330.257692086247,0.8195831453734281,-0.019594168979872015
8.6,-4396.361677868849,0.8195954884343389,-0.022939536156263783
8.61,-4390.305155838158,0.8195657198800341,-0.014674054914257795
8.62,-4379.236803177448,0.8195419368282433,-0.008573774841289605
8.63,-4360.621035819759,0.8195266875374627,-0.003961617895362224
8.64,-4348.844816813448,0.8195321750074476,-0.005287842596851533
8.65,-4390.909996198237,0.8195346481991997,-0.004489056196543591
8.66,-4374.319457996996,0.8195123195819873,0.0023145789507907468
8.67,-4328.2939418942815,0.8195097256948335,0.002636063414962564
8.68,-4319.83098780325,0.8195420074167235,-0.006365056033009371
8.69,-4326.885778295349,0.8195791703876626,-0.01663770501774214
8.7,-4324.855049962341,0.8196138527207545,-0.027150133373836146
8.71,-4357.6138668795775,0.8196420646668137,-0.035546956000848694
8.72,-4406.861729988594,0.8196372618489601,-0.03396241439358884
8.73,-4420.096244374931,0.8195919516908311,-0.02123154778351098
8.74,-4396.4640671587085,0.8195429756228421,-0.007726329551688119
8.75,-4409.882037142939,0.8195055907650027,0.004256585243524569
8.76,-4404.041187548006,0.8194632678471854,0.018108984747234064
8.77,-4428.486780152819,0.8194205197306306,0.03279500653594406
8.78,-4443.954599252965,0.8193577500199507,0.05392754439719738
8.79,-4435.415246733815,0.8192855585458727,0.07743200935602014
8.8,-4379.699764353227,0.8192306106403011,0.09322772869300783
8.81,-4365.287655703254,0.8192213980713754,0.09406301816714138
8.82,-4385.664406219859,0.8192181891116972,0.09581473740960292
8.83,-4396.164770961452,0.819203069514993,0.09881591493632413
8.84,-4401.27176978292,0.8191751452634152,0.10468466847347789
8.85,-4378.556578876963,0.8191526506069262,0.1050602457371743
8.86,-4411.840290239896,0.8191356345749936,0.1062051669510879
8.87,-4398.342590097588,0.8191023545155506,0.10994805393766001
8.88,-4446.753121320249,0.8190681485154728,0.11463588186886492
8.89,-4447.980314314858,0.8189968094309334,0.13120031125308743
8.9,-4389.210942621616,0.8189405667771452,0.13504873724935465
8.91,-4399.151536713063,0.8189213018759377,0.13130992220192184
8.92,-4385.311713236079,0.8189008896103415,0.1292078223157072
8.93,-4350.546617678304,0.8188994272699394,0.11783147380053834
8.94,-4358.846168295663,0.8189201085253456,0.10276665015617255
8.95,-4335.266923709421,0.8189399999961104,0.08773546964237085
8.96,-4293.435041971694,0.8189862537601429,0.06346587514242401
8.97,-4273.853593361899,0.8190643361807144,0.03212004931364921
8.98,-4270.644572164846,0.819159596190108,-0.005543802359949268
8.99,-4280.841675167104,0.8192524069829402,-0.04457555537001857
9.0,-4275.477312381578,0.819340188447557,-0.0841532360419232
9.01,-4302.582609421822,0.819422631488684,-0.11981317160009629
9.02,-4332.402880327004,0.8194806364105228,-0.14350591164531276
9.03,-4371.656849870678,0.8195046935958057,-0.1514142888487167
9.04,-4329.870628493806,0.8195084994730286,-0.1555154099308633
9.05,-4326.003358449277,0.8195420819348183,-0.16819529470039546
9.06,-4366.660753884418,0.8195691296601298,-0.1685394904511971
9.07,-4383.634842157591,0.8195645767894446,-0.1578010225156959
9.08,-4328.064576236974,0.8195557084179409,-0.15060158275788163
9.09,-4299.2902101881855,0.8195949414261421,-0.15883753564913833
9.1,-4341.988854414241,0.8196425624252648,-0.1581383730446665
9.11,-4345.1158553073055,0.8196647485656076,-0.1507264835998986
9.12,-4379.363519029871,0.8196725881230849,-0.13795373732761126
9.13,-4370.92031431212,0.8196588022940341,-0.12072516146370163
9.14,-4397.515097870492,0.8196448003878061,-0.10351516353556273
9.15,-4428.938850798979,0.8196047489811283,-0.07744556511616452
9.16,-4465.299794729311,0.8195375617136429,-0.04571253974914384
9.17,-4514.05811411851,0.8194313573057439,-0.001173177698501604
9.18,-4482.319204125491,0.8192970444663036,0.05483332857448886
9.19,-4430.204372797106,0.819196765697577,0.1016509475413064
9.2,-4395.609363813142,0.8191397366204729,0.13200537911867702
9.21,-4299.09324710217,0.819131881718107,0.13830386290528243
9.22,-4282.201775353755,0.8191996741352738,0.12001291922060205
9.23,-4325.772448657952,0.8192707015236891,0.1080447507711464
9.24,-4351.260362196985,0.8193102597494158,0.10013086946952778
9.25,-4406.945205941712,0.8193156721856765,0.10009958866377436
9.26,-4440.440023889976,0.8192748407440041,0.1106866492921616
9.27,-4437.541787330782,0.8192066451692523,0.12620144769108682
9.28,-4395.166339024764,0.8191507899850863,0.13285600210011808
9.29,-4382.077060744562,0.8191253422410282,0.13108968095105714
9.3,-4326.73405192403,0.8191245129967594,0.11998187861298486
9.31,-4328.890346671848,0.819164050172669,0.09893415919784161
9.32,-4354.626924988479,0.819197562545306,0.08330139657055989
9.33,-4379.425175666157,0.8192092640572526,0.0715011572698946
9.34,-4360.855763162046,0.8192029586998762,0.0626768669707701
9.35,-4322.396030277038,0.8192198867393687,0.045753515743367265
9.36,-4328.494643948603,0.8192598492962189,0.024545182669216577
9.37,-4338.016942491233,0.8192983119990489,0.003521500109278956
9.38,-4368.55040452451,0.8193197317240548,-0.012100283158215082
9.39,-4325.542261527451,0.8193291990266656,-0.024854624233082254
9.4,-4309.490934009301,0.8193707181367034,-0.04593018715670496
9.41,-4297.2964741601545,0.8194247068846743,-0.06922153912770644
9.42,-4267.569181172984,0.8194962262481409,-0.09850621200878701
9.43,-4308.675216834523,0.8195799062881859,-0.12787506141214824
9.44,-4360.452099279676,0.8196220230425649,-0.13791923858045152
9.45,-4348.03540278413,0.8196294300449938,-0.13970706906048727
9.46,-4335.9697598049715,0.8196437823530732,-0.1439048566227503
9.47,-4331.604067027341,0.8196693946581542,-0.14886920828383646
9.48,-4400.107765408753,0.8196839217140283,-0.14323150789921896
9.49,-4402.58405069447,0.8196468026036137,-0.12182571175598393
9.5,-4370.1047804062955,0.8196175003186736,-0.10975844240823372
9.51,-4412.6665748844225,0.8195975934750594,-0.09332251767210854
9.52,-4412.710353577654,0.8195516976542382,-0.07020417534010524
9.53,-4391.54803675881,0.8195075746360778,-0.04831834863559455
9.54,-4361.61978585404,0.8194860675798017,-0.03140219322682659
9.55,-4345.719113014653,0.8194876977377237,-0.02007460308257123
9.56,-4310.915837902037,0.8195118118010072,-0.016232233520088356
9.57,-4339.625782689164,0.8195531225176984,-0.017492642214644624
9.58,-4311.295485443774,0.81957971430827,-0.01668121921518188
9.59,-4288.748302539172,0.8196327395351244,-0.02555025929746838
9.6,-4327.010701701615,0.8196910388533865,-0.035792322505824356
9.61,-4366.940052446275,0.8197169520956762,-0.03793202577841347
9.62,-4388.610886478712,0.8197057230746991,-0.030602716649461095
9.63,-4380.24149933646,0.8196817531766566,-0.02087780525901432
9.64,-4403.018647266058,0.819656002279505,-0.009858831962687494
9.65,-4410.912938270782,0.8196151536238792,0.005414844752757138
9.66,-4452.050516417937,0.8195604199368638,0.025345272957582664
9.67,-4482.829739988499,0.8194694926607793,0.05708110020301736
9.68,-4461.829027123461,0.8193615874389742,0.09381018621302625
9.69,-4447.930292100968,0.8192718341309124,0.12347547667615497
9.7,-4430.427692111503,0.8191959119763232,0.14776786752120946
9.71,-4402.859062566646,0.8191434260261486,0.16031730625710452
9.72,-4418.507858532211,0.8191056710585439,0.170218746008184
9.73,-4370.368612391489,0.8190704974596508,0.17407609823887546
9.74,-4365.945086893875,0.8190709329272914,0.16407467920008684
9.75,-4345.057373771813,0.8190771965686308,0.1551015156525864
9.76,-4300.781894216989,0.8191121062900668,0.1312430178818393
9.77,-4306.549936541822,0.819173806974795,0.10487381230568076
9.78,-4313.6391886959445,0.8192343900878716,0.07913269149094428
9.79,-4334.6635940520455,0.8192816257541295,0.05609393277205375
9.8,-4308.452074386685,0.8193203561565743,0.03182947172701726
9.81,-4315.523031951382,0.8193740643969573,0.0029622513116521532
9.82,-4358.893683471786,0.819415610742205,-0.022039132032250563
9.83,-4412.289592804174,0.8194126559138641,-0.032799322336351605
9.84,-4382.125156326339,0.8193780055315525,-0.034332217437889764
9.85,-4404.133631536524,0.8193594767894993,-0.03784865707499042
9.86,-4424.188386985752,0.8193183254938213,-0.03159096422240092
9.87,-4376.331822602881,0.8192770113939943,-0.025344084984758788
9.88,-4377.387409331008,0.8192670613040468,-0.02518734712568289
9.89,-4391.112572946588,0.8192560134543473,-0.022665845053037023
9.9,-4373.6011134173605,0.8192385937257414,-0.017962716953470213
9.91,-4339.278240297071,0.8192412799558567,-0.018702635769720168
9.92,-4334.79054319704,0.8192687825997553,-0.025373634493829893
9.93,-4331.436815403457,0.8193011643163086,-0.033090426421309375
9.94,-4305.466765829785,0.8193405841395486,-0.04342116621184384
9.95,-4286.691459685238,0.8194024452776147,-0.06073069618311517
9.96,-4281.295385924676,0.8194771638370483,-0.08164431395179009
9.97,-4316.4419140741165,0.8195531791904854,-0.10220612515890745
9.98,-4434.042166644567,0.8195751732304319,-0.09947806929325415
9.99,-4432.85864521333,0.819513867103984,-0.07715736094285149
10.0,-4416.187573117153,0.8194530946381031,-0.05874486798129889
