timestamp,model.tire.s(t),model.driver.s(t),model.driver.a(t)
0.0,0.178908,1.1551790000000002,6.616119208047167e-11
0.01,0.1789795964919556,1.1551791153531419,0.012692646004990517
0.02,0.17909775234167635,1.1551805152299512,0.03221800476330524
0.03,0.17920780959375665,1.155185072313472,0.04756730083836525
0.04,0.17929761628313493,1.1551943265610531,0.05725891800602918
0.05,0.1793656004150517,1.1552092358458406,0.061294328463303224
0.06,0.17941326745024685,1.1552301843665385,0.05861293891148913
0.07,0.17944324924155036,1.1552570610512694,0.056000018678316034
0.08,0.17945862668861792,1.1552893558845498,0.046104362664573274
0.09,0.17946257476717517,1.1553262671168152,0.038064303134613814
0.1,0.17945812806615416,1.1553667986313334,0.02506389657543271
0.11,0.17958436499044866,1.1554099405950409,0.02098226464118549
0.12,0.18054104636116666,1.1554577794887402,0.15479344171863582
0.13,0.18280056498277847,1.1555217074794002,0.34831060341755193
0.14,0.1863976657813772,1.155620827447507,0.5855896896660154
0.15,0.19079627316665046,1.1557787059180684,0.8466210144594243
0.16,0.19519540406945582,1.1560212679689628,1.1103039831137311
0.17,0.19896359066984085,1.156374716413703,1.3567700446476374
0.18,0.2019327053970041,1.1568635335566042,1.565824218920211
0.19,0.20442384936321042,1.157508443311908,1.7177418704167924
0.2,0.20669902869117532,1.158324652147892,1.8126486578106764
0.21,0.20875475560062656,1.1593216898952814,1.8547527424098205
0.22,0.2104869911980284,1.1605037307316768,1.840029759368831
0.23,0.21176004640885437,1.1618692343287005,1.7605367237028122
0.24,0.21242610407054802,1.163410185864147,1.60834984387135
0.25,0.2123641340995276,1.1651112954111915,1.374519002573452
0.26,0.21154129032596578,1.1669490293127294,1.0394349347663108
0.27,0.21003831636714582,1.1688892312396688,0.5264068497142671
0.28,0.2080079496989967,1.1708855252078259,0.18185554062438467
0.29,0.20560437519041116,1.172900043172514,-0.15407877274374188
0.3,0.20293145162354434,1.1748992137594747,-0.4828187031585973
0.31,0.20003035847834266,1.1768501641371591,-0.8041868172355073
0.32,0.19690043496331344,1.1787207510594875,-1.1189219908481574
0.33,0.1935332195580454,1.1804794936172072,-1.4278808923927333
0.34,0.18994009293715355,1.1820954931888932,-1.731371931674098
0.35,0.18616314254303473,1.183538406278496,-2.0287156310197694
0.36,0.18226945214402762,1.184778513905227,-2.3180686326203355
0.37,0.17833552633336994,1.1857869057350332,-2.5964406505102535
0.38,0.17442953648611564,1.1865357785762765,-2.859748823302945
0.39,0.17059700245485973,1.1869988451975886,-3.102755874336508
0.4,0.16685635713623112,1.1871518591402805,-3.3189643165498306
0.41,0.16321362053472516,1.1869732627629226,-3.5008156849465286
0.42,0.1596898750891207,1.186444939823117,-3.640035560373279
0.43,0.15633681445037373,1.1855530438678097,-3.727552869577155
0.44,0.15323708159411972,1.184288906283097,-3.753425057785774
0.45,0.1505035901404718,1.1826500257726036,-3.7073971231692453
0.46,0.14827903734407086,1.1806410853684428,-3.579865529365987
0.47,0.14671802756087604,1.1782749106806771,-3.361972425033069
0.48,0.14592977658159398,1.1755733859719386,-3.0417389498327725
0.49,0.14591214273866077,1.172568764286479,-2.5888666830312785
0.5,0.14655055529944713,1.1693075358757965,-1.8436327246886746
0.51,0.14768537456685757,1.1658552168904583,-1.416463280691546
0.52,0.1491876727912864,1.1622611656197084,-0.9998722230741168
0.53,0.15099825587506488,1.1585670516823114,-0.592311775185905
0.54,0.15312066876848932,1.1548136555228632,-0.19089309179767194
0.55,0.155585285603735,1.1510411442921833,0.20738550824254617
0.56,0.15841015730623928,1.1472893654279452,0.6048502283623384
0.57,0.16157769918811082,1.143598074773227,1.0026166532552678
0.58,0.16503311133450455,1.1400070462062257,1.4003585534529566
0.59,0.16869871255430685,1.1365560395368832,1.7963662070328155
0.6,0.17249296271861314,1.1332846317337075,2.1878023332680323
0.61,0.17634448565004926,1.130231935916939,2.571022472653267
0.62,0.1801971400433469,1.1274362390761117,2.9418304203731016
0.63,0.18400823939674749,1.1249345832567865,3.2955712559503505
0.64,0.18774547429564992,1.122762298984189,3.6270005714103943
0.65,0.19138692267533708,1.1209524778195705,3.92993412053772
0.66,0.19492065561274585,1.1195353507595613,4.1968934415034305
0.67,0.19833311085928793,1.1185375407742533,4.419146313259985
0.68,0.20158954942105592,1.117981192716529,4.587050909361244
0.69,0.2046243514558501,1.1178830108837479,4.690286210914627
0.7,0.2073410189709607,1.1182532299428942,4.718234567153051
0.71,0.20961301146452688,1.1190945602961493,4.660814364117806
0.72,0.21129150693101284,1.1204011870995052,4.509255923162165
0.73,0.21224203848200765,1.1221578858145833,4.25506833902329
0.74,0.21241081338081877,1.12433912797637,3.8842967101493606
0.75,0.21186074134753413,1.1269075412875071,3.3576926715778366
0.76,0.2107347026990364,1.1298085989017121,2.49637474607895
0.77,0.20918246677843497,1.1329661841797296,2.0290864170213445
0.78,0.20730456766119695,1.1363267852497965,1.5741932406730728
0.79,0.20513610121442954,1.139844885012425,1.1288420362183402
0.8,0.20266629835082395,1.1434759152896314,0.6890993974447261
0.81,0.19987401712914563,1.1471758735723585,0.251599489429453
0.82,0.19675818565833686,1.1509009916063486,-0.18583705620934476
0.83,0.19335138315247344,1.1546075201913772,-0.6238761259714799
0.84,0.18971599010737183,1.158251663034976,-1.061615369511187
0.85,0.1859299403796109,1.161789665599962,-1.4967449226839669
0.86,0.1820710775506532,1.165178043699456,-1.9258293176551176
0.87,0.1782064563140102,1.168373924570862,-2.344599588876787
0.88,0.17438816777718213,1.1713354720999583,-2.74814865900657
0.89,0.17065316079068094,1.1740223774131007,-3.1309433030843095
0.9,0.16702379062879774,1.1763964138881016,-3.4866290999425944
0.91,0.16351090162037543,1.1784220747981022,-3.807786832406347
0.92,0.16012646839968253,1.1800673150838987,-4.085946576754041
0.93,0.15690200348385236,1.181304396310811,-4.3118097102089665
0.94,0.15389791095259212,1.1821108155540128,-4.475383021927096
0.95,0.15120374465243724,1.1824703025335472,-4.566261117884414
0.96,0.14893784689891354,1.1823738537695483,-4.574382352029903
0.97,0.1472431938382274,1.1818207299177825,-4.49103733575006
0.98,0.14626031714382715,1.1808193245812508,-4.309024735327766
0.99,0.14606499798121236,1.1793879049500402,-4.020055953465089
1.0,0.1466167693372402,1.1775554995402358,-3.607451045922271
1.01,0.14777870176784,1.1753637594521074,-3.017342122272969
1.02,0.1493906162936654,1.172874555567451,-2.1859641256291935
1.03,0.15133592179584934,1.1701635605537803,-1.7198140622755136
1.04,0.15356716106196439,1.167280468466362,-1.2674130101221257
1.05,0.15609063552168495,1.164270555125231,-0.8246506415702227
1.06,0.15892934554041857,1.1611781311713105,-0.38743103959964176
1.07,0.16208809098279278,1.1580469435343939,0.04722448323691879
1.08,0.1655362083475241,1.1549204692869874,0.4806964565467039
1.09,0.16921048471761904,1.151842052676754,0.9126424972533793
1.1,0.17303092696753722,1.1488548721858864,1.3411459556320808
1.11,0.17691875841176485,1.1460017514007483,1.763013401665929
1.12,0.18080882572144885,1.1433248422387907,2.174077047350855
1.13,0.18465432187487796,1.1408652096782423,2.569370761899319
1.14,0.18842611880336,1.1386623349153409,2.943105301398902
1.15,0.19210842453126514,1.1367535349857825,3.288507650929896
1.16,0.19568834841190622,1.1351732848335399,3.597753762239078
1.17,0.19914023338934264,1.1339524361285251,3.862099735394357
1.18,0.20241483546350478,1.1331173441992792,4.072046049269376
1.19,0.20543726057571146,1.13268892012521,4.21759952909099
1.2,0.20810736103907448,1.1326816365950005,4.288892559165265
1.21,0.21030080032115203,1.1331025492209306,4.277129094475366
1.22,0.21188038093322178,1.1339504237368805,4.175334993673958
1.23,0.21273461546277578,1.135215033333089,3.977672504155433
1.24,0.2128339069130548,1.1368765483956902,3.6761674231715307
1.25,0.2122506762363039,1.1389046796478515,3.253163662769019
1.26,0.2111187228122339,1.141256684976496,2.646088814475353
1.27,0.20956864796208444,1.1438691045716831,1.8823837559782655
1.28,0.20768338043501258,1.146671429289386,1.4301216234851077
1.29,0.20548996314243217,1.1496168726219758,0.990573061724173
1.3,0.2029798020434659,1.1526614457923503,0.5597793096872026
1.31,0.20013989922247225,1.1557620385703966,0.13406381244032067
1.32,0.19697777288102397,1.1588760582300686,-0.2891026908367212
1.33,0.1935311188756676,1.1619611796166565,-0.7107420142539195
1.34,0.18986280456297414,1.1649752434248475,-1.1303104581099312
1.35,0.18604774116451187,1.1678763092434368,-1.545851581839764
1.36,0.18215924612675924,1.170622849035655,-1.9542507133756817
1.37,0.1782597876206852,1.1731740565573414,-2.3514762214374363
1.38,0.1743968500019093,1.1754902494627733,-2.7327018440681785
1.39,0.17060190594442057,1.1775333524692517,-3.0922445536132046
1.4,0.16689215635630583,1.1792674673044854,-3.4233821285072326
1.41,0.1632797417543691,1.1806595454635451,-3.7182979645219643
1.42,0.15978898794224114,1.1816801682553266,-3.9682532382759566
1.43,0.15646945927162825,1.1823044195055872,-4.163732903684514
1.44,0.1533988823836446,1.1825128358177575,-4.29461874559025
1.45,0.15068332855485356,1.1822924136582835,-4.35075932845786
1.46,0.14845706504434794,1.1816376159303337,-4.32297229096754
1.47,0.14686978950677065,1.1805512826209692,-4.2038704888481755
1.48,0.1460395957147796,1.1790453765303477,-3.986952663951367
1.49,0.14598683373225993,1.177141666117384,-3.6625621980508867
1.5,0.1466171721937641,1.1748727676385666,-3.207922584838096
1.51,0.14777647621254172,1.1722847947662094,-2.5220029297545277
1.52,0.1493268113393385,1.1694471122253776,-1.8487931169767884
1.53,0.15119254646284622,1.1664241929111394,-1.39861859780414
1.54,0.15336215698902028,1.1632613139214178,-0.9601783424563413
1.55,0.15585849506169488,1.1600023552563445,-0.529216309880015
1.56,0.15870059779200152,1.15669044419763,-0.10202991469425039
1.57,0.16187726571407446,1.1533683193745141,0.323768847975269
1.58,0.1653409437674464,1.1500785668856583,0.7489311248103285
1.59,0.16901857059086167,1.1468636955261058,1.1725805803100942
1.6,0.17282947670635163,1.1437660511592045,1.5924462836310946
1.61,0.17670051755250307,1.1408275923522044,2.005183986246893
1.62,0.18057342940795956,1.13808955829439,2.4066526325617588
1.63,0.18440525377257114,1.1355920557641594,2.792038986369107
1.64,0.18816618065131824,1.1333735770586617,3.1557696079887108
1.65,0.1918375920895409,1.1314704404267872,3.491257664153206
1.66,0.19540634926656125,1.1299161298165332,3.7907313323037473
1.67,0.19885053508055808,1.1287405189652417,4.045370544388469
1.68,0.20212520503675066,1.1279689915843418,4.245561996139117
1.69,0.2051577986336835,1.1276214820018506,4.381156760890486
1.7,0.20784842295035616,1.1277114648719275,4.442027242423233
1.71,0.2100707849749469,1.1282449504085437,4.419002798180068
1.72,0.21168269377852605,1.1292195744786415,4.304655888883968
1.73,0.21256513125747434,1.1306238501584003,4.092546271804193
1.74,0.21268245157203997,1.1324364931312527,3.773423320634127
1.75,0.21210650618888624,1.1346254224643608,3.3256616931818264
1.76,0.210975593978092,1.1371452652576415,2.6593679677641693
1.77,0.20942649921959255,1.1399276448329285,1.953681663027096
1.78,0.20754674364093137,1.142905948828662,1.4998598370114844
1.79,0.2053646395134923,1.1460343381000726,1.0579413947306102
1.8,0.20286995075113984,1.1492685862765337,0.6238469965295447
1.81,0.2000467755295611,1.1525652532769242,0.1939250274399774
1.82,0.19690014617995896,1.1558813262140069,-0.23429545110173725
1.83,0.19346664816677975,1.159173975195263,-0.6617571019414754
1.84,0.18980947824639907,1.162400459465148,-1.0878226099077861
1.85,0.18600478397044778,1.165518189738803,-1.5104362297079812
1.86,0.1821273862414525,1.1684849314935917,-1.9263926287965236
1.87,0.17824120377650612,1.1712591232787515,-2.3315991288265634
1.88,0.17439528868744836,1.173800284695466,-2.7212253080789317
1.89,0.1706230972689092,1.1760694997668162,-3.0896641810612384
1.9,0.16694344633846633,1.178029979405481,-3.4303327350452735
1.91,0.16336726223470513,1.1796477209304088,-3.7355414170763677
1.92,0.15991382697717874,1.180892275733928,-3.9966305865336897
1.93,0.1566262783855796,1.1817376136717583,-4.204152890473074
1.94,0.1535763720290312,1.182163066852668,-4.348011704105368
1.95,0.1508643888088943,1.1821543355098516,-4.417923820713978
1.96,0.14861921108633247,1.181704508383203,-4.404352310149939
1.97,0.14698944826225138,1.180815007957118,-4.299448619132454
1.98,0.14610363685023056,1.1794963784912729,-4.096585531888182
1.99,0.14600305604835953,1.1777689771058277,-3.7868482831386565
2.0,0.14661086123225162,1.175663933077101,-3.3503877891471188
2.01,0.14777613027138234,1.1732254080244897,-2.7122842715025324
2.02,0.14935100510966595,1.1705197955138036,-1.9661105725778816
2.03,0.15124496767482112,1.167616525955427,-1.5103628055691873
2.04,0.15343470327544448,1.1645621149799479,-1.0671987585553886
2.05,0.1559386160911241,1.1614009151430196,-0.6323656459245831
2.06,0.15877824794897136,1.1581764422474583,-0.2019936845096572
2.07,0.1619484641195658,1.154931755441949,0.22653805172493624
2.08,0.16540743598530847,1.151709716130232,0.6542194203616919
2.09,0.16908500531131984,1.1485530866709408,1.0803713595328115
2.1,0.17290020119902533,1.145504464250626,1.5028517734918023
2.11,0.17677762385591836,1.1426060693642837,1.9183719196437354
2.12,0.18065662419273668,1.1398994193865923,2.322784703450405
2.13,0.18449313306337886,1.1374249150957036,2.7112282480758267
2.14,0.188257870105841,1.135221353911118,3.0780590172129054
2.15,0.19193342232314112,1.1333253635697986,3.4166292377920398
2.16,0.19550677634275404,1.1317707361107119,3.719152037332983
2.17,0.19895454460535322,1.1305876504506327,3.9768368639809752
2.18,0.20223005775050018,1.1298017951929942,4.1801104486738145
2.19,0.20525976915442323,1.1294334133090969,4.318877143263439
2.2,0.2079435557476636,1.129496297421958,4.3831027755951695
2.21,0.21015567263618362,1.129996794439732,4.363757240980551
2.22,0.21175561417322863,1.1309329095697094,4.2535869240877116
2.23,0.21262716765191014,1.1322935753634185,4.046377333093831
2.24,0.21273721293242184,1.134058001129457,3.7333414196755728
2.25,0.21215818517643684,1.1361947255783649,3.2943143675286515
2.26,0.21102693591230895,1.1386593091969457,2.650450321441458
2.27,0.2094779432754616,1.1413850495255486,1.9232230564625297
2.28,0.2075968495837955,1.1443039507634087,1.4702158119568367
2.29,0.20541127741990428,1.1473699753112965,1.0293929230270835
2.3,0.20291143926405084,1.1505390065412902,0.5967086539980255
2.31,0.20008245702857794,1.1537677453348205,0.16850553370701618
2.32,0.1969303260477488,1.1570133505538922,-0.25770369162088175
2.33,0.19349213084121428,1.1602331932354533,-0.6828852213847176
2.34,0.1898310287542426,1.1633847603900025,-1.1064311976556018
2.35,0.1860227574803455,1.1664257144094152,-1.5263188410495347
2.36,0.18214159472204047,1.1693140931009085,-1.9393746087673875
2.37,0.1782509251368028,1.172008624878388,-2.3415291477345592
2.38,0.17439924349423944,1.174469134492427,-2.727957116813127
2.39,0.17061931590909424,1.1766570259739173,-3.0930291829418404
2.4,0.1669293521963394,1.178535847314344,-3.4301160729981803
2.41,0.1633405841712679,1.18007195438333,-3.7314831442873566
2.42,0.1598739604072183,1.1812352829636574,-3.988442084894685
2.43,0.156574854802393,1.1820002161429777,-4.191520926604301
2.44,0.1535171298239695,1.1823465304903549,-4.330611476903292
2.45,0.1508031157886219,1.1822604027583046,-4.395468915478027
2.46,0.14856366079618863,1.1817354261857784,-4.376671419749541
2.47,0.1469480041462189,1.1807735444734078,-4.2665280057127415
2.48,0.14608139675737475,1.1793858253699263,-4.0584592750915665
2.49,0.14599790278392402,1.1775931486251878,-3.7432888645883735
2.5,0.1466142558113903,1.1754271945022028,-3.300137384376816
2.51,0.14777798005559656,1.1729328382395583,-2.6459346292000827
2.52,0.14934442174174015,1.1701776454459936,-1.924439381998765
2.53,0.1512282527606504,1.1672292834920073,-1.47069016582782
2.54,0.15341045032594122,1.1641337500573747,-1.0292168929719674
2.55,0.15591119674557588,1.1609352285921024,-0.5957589151922229
2.56,0.15875131780220525,1.1576770968917518,-0.1665048673548593
2.57,0.16192360383565588,1.1544023016138636,0.2610831201781669
2.58,0.16538417115517048,1.1511536090614525,0.6879085975478968
2.59,0.16906174973410884,1.147973695395932,1.1132200030332373
2.6,0.17287539008842748,1.14490507334516,1.534826686522315
2.61,0.17675044090280864,1.141989875847986,1.9494177157188566
2.62,0.1806270885068303,1.1392695273755171,2.352846626527477
2.63,0.1844616687260251,1.1367843304648926,2.740268736775717
2.64,0.18822472094550918,1.1345729806167206,3.106066889660351
2.65,0.19189840612272116,1.1326720025144985,3.4436174151413326
2.66,0.19546968773313128,1.131115086291083,3.745141016222119
2.67,0.19891575406962972,1.1299323108604773,4.00183807259557
2.68,0.2021906154733624,1.1291492659377407,4.204121798403892
2.69,0.20522114116372564,1.1287860953523174,4.341877184204927
2.7,0.20790735309056405,1.1288564903005487,4.405034419132606
2.71,0.21012336546881283,1.1293666903905595,4.384508563817497
2.72,0.21172807564856244,1.1303145822315763,4.272978346116311
2.73,0.21260415236307173,1.1316889617199621,4.064146964566373
2.74,0.21271734844314477,1.1334688747558397,3.7490700403981525
2.75,0.21213969970346325,1.1356226523049444,3.3070974741393595
2.76,0.21100853211733686,1.1381055409188732,2.655894043283782
2.77,0.20945924641860109,1.1408502599407475,1.935361998373713
2.78,0.2075783149887872,1.1437892498220756,1.482004486139258
2.79,0.20539374008279884,1.1468765410822919,1.0407397665286073
2.8,0.20289563285642648,1.1500679728373424,0.6075091520264202
2.81,0.20006873342974138,1.153320191337924,0.17865557940045165
2.82,0.19691863410812732,1.156590290430361,-0.24830462141564416
2.83,0.19348217893500072,1.1598355661047395,-0.6743315342662133
2.84,0.1898225017861493,1.1630134209051346,-1.098808688191366
2.85,0.18601548190061365,1.166081424193814,-1.5197027961900191
2.86,0.18213561009743637,1.1689975132224861,-1.9338295313211105
2.87,0.17824648831706294,1.171720309379384,-2.3371111983117983
2.88,0.1743968291346263,1.1742095247223394,-2.7247202453035393
2.89,0.17061964740888536,1.176426445112903,-3.0910347056461305
2.9,0.16693335612833857,1.1783344941669904,-3.4294411191145766
2.91,0.16334906336713795,1.179899895668873,-3.732220465914411
2.92,0.15988712623561407,1.1810924440907389,-3.9906947851656174
2.93,0.15659213683839743,1.181886370904344,-4.195401279327329
2.94,0.1535372164351468,1.182261289870793,-4.336236138963179
2.95,0.15082396423663205,1.1822032034188816,-4.402941141493585
2.96,0.14858252143175502,1.1817055203715485,-4.386054055400004
2.97,0.1469619019523671,1.1807699938681058,-4.277829368525032
2.98,0.14608853689283247,1.1794074999252104,-4.071674487291541
2.99,0.14599905920391532,1.1776387261075512,-3.758514418293876
3.0,0.14661246811145418,1.1754951487206537,-3.317863012620913
3.01,0.14777681964480024,1.173021375771802,-2.669850777766742
3.02,0.1493463133792005,1.1702845411942593,-1.9390306994004156
3.03,0.15123378260557077,1.1673529693668752,-1.4845739759300796
3.04,0.1534186910104312,1.1642728366905304,-1.0425072740320274
3.05,0.15592059917269413,1.1610883859713617,-0.6085721621228882
3.06,0.15876059174322918,1.157843042897588,-0.17893606625620123
3.07,0.1619321950324939,1.1545797925840657,0.24896885743169303
3.08,0.1653922510914042,1.1513414332887901,0.6760772405616339
3.09,0.16906988051123484,1.1481706696827803,1.101663638811377
3.1,0.17288412420023744,1.1451100421397136,1.5235549564403497
3.11,0.17676006631810265,1.142201712128907,1.9384483836802853
3.12,0.18063760123784414,1.139487134359524,2.342197364837052
3.13,0.18447292913016197,1.1370066433233226,2.72995104991175
3.14,0.188236664468856,1.134798967595729,3.09608256426181
3.15,0.19191112886702086,1.1329006651173636,3.4339590846690258
3.16,0.19548329033711015,1.131345458593551,3.735798095670166
3.17,0.19893011082741938,1.1301634585065796,3.9928029234552422
3.18,0.2022053310056493,1.129380285386615,4.195391400140081
3.19,0.20523564756555937,1.1290161135936359,4.333455424975695
3.2,0.20792100881884487,1.1290846652985902,4.396938536268367
3.21,0.21013556002905545,1.1295922128741216,4.376776857829602
3.22,0.2117384085588753,1.1305366795654497,4.265675130140088
3.23,0.2126126604410192,1.131906904361116,4.057366529194707
3.24,0.21272454660362788,1.1336819858577074,3.742960255729002
3.25,0.21214631076778928,1.1358303233120288,3.301969484075844
3.26,0.2110151252772264,1.1383072679787314,2.6532383890592337
3.27,0.2094660294123866,1.1410457327963766,1.930551780239416
3.28,0.20758514659956054,1.1439780202702614,1.4773414884740017
3.29,0.20540029881829866,1.1470581430815447,1.0362536447931172
3.3,0.2029016129906048,1.1502419580595604,0.6032339833652349
3.31,0.200073970138998,1.1534861325538017,0.17462586873328595
3.32,0.1969231256996898,1.1567477849528782,-0.25205481289745724
3.33,0.19348603030606693,1.15998423918814,-0.677769443427228
3.34,0.18982583908061743,1.163152929012653,-1.1019038612288674
3.35,0.1860183829137216,1.1662114580353278,-1.5224279910053398
3.36,0.1821380708978721,1.169117800475527,-1.9361610786034664
3.37,0.17824841952915638,1.1718306170611346,-2.3390283716793556
3.38,0.17439805867158545,1.1743096612788948,-2.7262032622441787
3.39,0.17061991447263075,1.1765162624256789,-3.0920614223794414
3.4,0.16693232973905522,1.1784138897938787,-3.4299839943680035
3.41,0.16334645546980797,1.1799688155988284,-3.732246451100721
3.42,0.1598828540418184,1.181150886032191,-3.990167045976215
3.43,0.1565863908565747,1.1819343879671136,-4.194279572342109
3.44,0.1535304485562387,1.1822989945785465,-4.334478431828418
3.45,0.1508168865649976,1.1822307718605047,-4.400509768217352
3.46,0.14857610108597064,1.1817231958862369,-4.382925158610052
3.47,0.14695719592176124,1.1807780893818716,-4.273997881075128
3.48,0.14608619708614487,1.1794063985785475,-4.06713934087196
3.49,0.14599883266446917,1.17762888170435,-3.7532368385684474
3.5,0.14661329150743427,1.1754770903873428,-3.31165921382582
3.51,0.1477774277927377,1.172995731544711,-2.6613772696706217
3.52,0.14934583702537574,1.1702521010274716,-1.9339328863918839
3.53,0.15123200075979573,1.1673142844754982,-1.4797257449243504
3.54,0.1534159225387116,1.1642283922595162,-1.0378668701640708
3.55,0.155917390058032,1.161038646399694,-0.6040967679917154
3.56,0.1587574022772236,1.1577884560193925,-0.17459042224326518
3.57,0.16192922753192857,1.1545207931679127,0.2532092617101095
3.58,0.16538945002428432,1.1512784454851417,0.6802257196808478
3.59,0.16906704910001422,1.1481041083701888,1.1057240407975026
3.6,0.17288106592185032,1.1450403133353046,1.5275246958022353
3.61,0.17675667613455345,1.1421292127582572,1.9423218156631188
3.62,0.18063387628322827,1.1394122517171412,2.345968764830753
3.63,0.1844689133463342,1.1369297545190338,2.733616873693486
3.64,0.18823237298644502,1.134720439212107,3.099642838667596
3.65,0.191906517789751,1.1328208532119646,3.4374173024345795
3.66,0.1954783159208173,1.1312647090295045,3.7391590862922035
3.67,0.19892481674989942,1.1300821074154992,3.996070580407351
3.68,0.20219986569461182,1.1292986595538317,4.198568042478168
3.69,0.20523022897626506,1.1289345306831653,4.336540890385603
3.7,0.20791588875842046,1.1290034338153396,4.399927665838097
3.71,0.2101309859877552,1.1295116316219216,4.379656458564109
3.72,0.21173455419853976,1.1304570363118533,4.268422099232392
3.73,0.21260953015921014,1.13182847352216,4.0599469136446364
3.74,0.2127219478298302,1.133605025050028,3.745322046101472
3.75,0.21214395396189784,1.1357550678865571,3.304006615063919
3.76,0.21101277019298173,1.1382339186822006,2.654460112666231
3.77,0.2094635759571002,1.1409744255736705,1.9324390218051621
3.78,0.20758263760636989,1.1439089331327643,1.479168070661276
3.79,0.20539785715691936,1.14699145860539,1.0380101558989554
3.8,0.20289936310963425,1.1501778518042596,0.6049094302929886
3.81,0.20007198464280945,1.1534247719693227,0.17620888290763104
3.82,0.19692141226003654,1.1566893282446007,-0.2505757470183289
3.83,0.1934845512901741,1.1599288341677603,-0.6764056939605038
3.84,0.18982454475081809,1.1631007119648402,-1.100666241370474
3.85,0.18601724001315148,1.1661625526398454,-1.521326355181415
3.86,0.1821370773290901,1.1690723168237178,-1.9352041008840615
3.87,0.17824760649763913,1.1717886507874125,-2.3382236866063506
3.88,0.1743974887022879,1.1742712927918917,-2.725558113214858
3.89,0.17061968167509928,1.17648155617422,-3.0915837994916835
3.9,0.16693255204340182,1.1783828934584493,-3.4296837142484664
3.91,0.16334723526054937,1.1799415591093045,-3.7321352479356436
3.92,0.15988422233973162,1.181127380399701,-3.9902580231626006
3.93,0.15658828364991223,1.1819146239740757,-4.194587091183082
3.94,0.15353271016005082,1.1822829413466371,-4.33501755267348
3.95,0.15081926899106465,1.1822183753626292,-4.401294112794999
3.96,0.14857826481922934,1.181714377612766,-4.383963620160776
3.97,0.14695876723928877,1.1807727454682893,-4.275292918682652
3.98,0.14608694274513295,1.1794043995156627,-4.0686923542030256
3.99,0.1459988378784822,1.1776300720736117,-3.7550634015381896
4.0,0.14661292870460615,1.1754812870134463,-3.3138288817746235
4.01,0.14777714296440053,1.1730027146029174,-2.6643915840900005
4.02,0.14934593848208258,1.170261590597391,-1.9357082297148798
4.03,0.15123256893989712,1.1673260879558949,-1.4814132352222062
4.04,0.15341684692583812,1.1642423407687839,-1.0394818102134846
4.05,0.15591847875863069,1.1610545783122426,-0.6056548714218404
4.06,0.15875849240323556,1.1578062154161608,-0.17610469776878895
4.07,0.1619302465504277,1.154540228545072,0.2517296579819428
4.08,0.165390416411776,1.1512994088398512,0.6787756521432539
4.09,0.16906803168869877,1.1481264546818497,1.1043017874710737
4.1,0.17288213412244505,1.145063900384275,1.5261308743495299
4.11,0.1767578676608727,1.1421539011774875,1.9409581804826561
4.12,0.1806351933032952,1.1394379051586183,2.344637132891332
4.13,0.18447034218106764,1.1369562398285276,2.732318291236376
4.14,0.1882339111717393,1.1347476265292198,3.098377044374182
4.15,0.1919081846507778,1.132848615943851,3.436182729726144
4.16,0.19548013015233695,1.131292923700891,3.7379536239749314
4.17,0.1989267634325227,1.1301106534649465,3.994892408533398
4.18,0.20220188938546102,1.1293274191532994,4.1974158733998035
4.19,0.20523224649953745,1.1289633886119534,4.335414321736039
4.2,0.20791780208734625,1.1290322774282011,4.398828155463057
4.21,0.21013269612691107,1.1295403510050492,4.378588512487624
4.22,0.21173598797749174,1.13048552473959,4.267393983039036
4.23,0.21261067946591292,1.1318566282839153,4.058970817640119
4.24,0.21272288434705244,1.1336327486844577,3.744416215543738
4.25,0.21214479229932134,1.1357822700926083,3.3032070742929363
4.26,0.21101360949503586,1.1382605204851715,2.6539280316473817
4.27,0.2094644614105128,1.1410003694729065,1.9317055147983395
4.28,0.20758355677525572,1.1439341491702812,1.478459079040775
4.29,0.2053987633424423,1.1470158759076354,1.0373286136739943
4.3,0.2029002063900135,1.150201402246064,0.604258826457814
4.31,0.20007273411049586,1.1534473905211307,0.17559291839446056
4.32,0.19692206258099063,1.1567109533421829,-0.2511532091633065
4.33,0.1934851159263818,1.1599494080976767,-0.6769407284636813
4.34,0.18982504314017196,1.1631201812555991,-1.1011550220960211
4.35,0.18601768601934685,1.1661808684430384,-1.521765328429927
4.36,0.18213747300101477,1.1690894352684256,-1.9355900981402845
4.37,0.17824794100755384,1.1718045332971778,-2.3385539053610076
4.38,0.1743977394227663,1.1742859063667,-2.7258299103702455
4.39,0.1706198147621249,1.1764948736581198,-3.0917943016482363
4.4,0.16693252557907085,1.1783948938302806,-3.429829433519089
4.41,0.16334701285799066,1.1799522278318817,-3.7322120291115866
4.42,0.15988379228169267,1.181136709833657,-3.9902612156034003
4.43,0.1565876671639416,1.181922613842848,-4.19451158080439
4.44,0.15353196055356585,1.18228959924648,-4.334857952170655
4.45,0.15081847223681408,1.1822237172951358,-4.401045499280067
4.46,0.14857753969248036,1.1817184284672932,-4.38362267746168
4.47,0.14695824562036927,1.1807755393476969,-4.274858524397675
4.48,0.14608670825426118,1.1794059798643262,-4.068163643867693
4.49,0.14599886247340008,1.1776304918091345,-3.7544342313235926
4.5,0.14661308257580286,1.1754806092478534,-3.313073174018212
4.51,0.14777726922145967,1.1730010159623332,-2.663324636314742
4.52,0.14934592773687255,1.1702589699889898,-1.9350920964005505
4.53,0.15123239166676963,1.167322612541092,-1.4808279348536948
4.54,0.15341654109991396,1.1642380691260201,-1.0389217576266978
4.55,0.15591811161692856,1.1610495664949345,-0.6051143149350219
4.56,0.15875812154747512,1.1578005175199697,-0.1755788490977481
4.57,0.1619298980653731,1.1545338971832892,0.25224421056018553
4.58,0.16539008430466318,1.1512924954840436,0.679280879718937
4.59,0.16906769198374824,1.1481190098607772,1.104798432006578
4.6,0.17288176233331917,1.1450559737613026,1.5266188276412338
4.61,0.17675745021503023,1.1421455415433492,1.9414369121049109
4.62,0.18063472896027508,1.1394291603816291,2.3451060770536714
4.63,0.1844698350591716,1.1369471568005556,2.7327771537240113
4.64,0.18823336108638972,1.1347382511380288,3.098826008768169
4.65,0.19190758341977274,1.1328389930916216,3.4366224692928746
4.66,0.1954794700394105,1.131283097369161,3.738385030334204
4.67,0.19892604953735518,1.130100666801065,3.995316285158841
4.68,0.2022011423560272,1.1293173145501783,4.197832844820246
4.69,0.20523149790433481,1.128953207769479,4.335824696843564
4.7,0.20791708978011866,1.129022061380908,4.399231552398655
4.71,0.21013205920886216,1.1295301400799826,4.378983398393804
4.72,0.21173545653518802,1.1304753584006886,4.2677774061145755
4.73,0.21261025873241016,1.1318465448372266,4.05933841051681
4.74,0.2127225477119869,1.1336227848373142,3.7447615975242616
4.75,0.21214449487103168,1.1357724602877612,3.3035180896758054
4.76,0.21101331113009045,1.1382508955047852,2.654152510139099
4.77,0.2094641426067323,1.140990953048821,1.931988417035612
4.78,0.20758322093822695,1.1439249685347432,1.4787322115948838
4.79,0.20539842813391926,1.147006958366125,1.0375910870554375
4.8,0.20289989157638885,1.1501927740368973,0.6045095559679855
4.81,0.20007245250017056,1.15343907670736,0.17583071530815536
4.82,0.19692181700853398,1.1567029776927702,-0.2509296311889936
4.83,0.19348490158522252,1.159941792959139,-0.6767327195690617
4.84,0.1898248524992611,1.163112947417541,-1.1009639329125835
4.85,0.18601751342291667,1.1661740350036973,-1.5215924377764487
4.86,0.18213731725227778,1.1690830195072401,-1.9354365606997634
4.87,0.1782478058537429,1.1717985505593664,-2.3384207472992453
4.88,0.17439763303814085,1.1742803699601074,-2.725718093979487
4.89,0.1706197492940729,1.1764897947558546,-3.091704858197114
4.9,0.16693251588977162,1.1783902813663891,-3.4297635994768627
4.91,0.16334707183623198,1.1799480883775018,-3.732171272144874
4.92,0.1598839243167461,1.181133047450768,-3.9902471820777845
4.93,0.15658786526996712,1.1819194299196425,-4.1945260872831
4.94,0.15353220655732425,1.1822868923161816,-4.3349029208211745
4.95,0.15081873643621585,1.1822214828459163,-4.401122704168471
4.96,0.14857778066031777,1.18171665876828,-4.38373334939153
4.97,0.14695841695733125,1.1807742233279102,-4.275003150504841
4.98,0.1460867800971531,1.179405103058298,-4.068342664824823
4.99,0.14599884400443813,1.1776300362964391,-3.754650050990554
5.0,0.14661301891904577,1.1754805533716917,-3.313335578830462
