name,value
model₊cond_net₊nn₊p[1],-0.29164131794630904
model₊cond_net₊nn₊p[2],-0.3029404318071251
model₊cond_net₊nn₊p[3],-0.7427046301253375
model₊cond_net₊nn₊p[4],-0.11881566951567953
model₊cond_net₊nn₊p[5],-0.08933806375103569
model₊cond_net₊nn₊p[6],-0.19086923648169685
model₊cond_net₊nn₊p[7],-0.1372954134135073
model₊cond_net₊nn₊p[8],0.11207966946088149
model₊cond_net₊nn₊p[9],0.07911614940392721
model₊cond_net₊nn₊p[10],0.006098702087364637
model₊cond_net₊nn₊p[11],-0.021508505455613943
model₊cond_net₊nn₊p[12],-0.01832270120960413
model₊cond_net₊nn₊p[13],-0.016289157218056093
model₊cond_net₊nn₊p[14],-0.00766663923774721
model₊cond_net₊nn₊p[15],-2.705506682395935e-9
model₊cond_net₊nn₊p[16],-0.25647026676040224
model₊cond_net₊nn₊p[17],-0.28905506508194284
model₊cond_net₊nn₊p[18],-0.6735806473480372
model₊cond_net₊nn₊p[19],-0.12107826496483932
model₊cond_net₊nn₊p[20],-0.08278652741434148
model₊cond_net₊nn₊p[21],-0.15890731658941576
model₊cond_net₊nn₊p[22],-0.10941149005048709
model₊cond_net₊nn₊p[23],0.07771932796683277
model₊cond_net₊nn₊p[24],0.05433689991298439
model₊cond_net₊nn₊p[25],-0.016205928570599087
model₊cond_net₊nn₊p[26],-0.03208423466441997
model₊cond_net₊nn₊p[27],-0.021392924865386284
model₊cond_net₊nn₊p[28],-0.03210670556356203
model₊cond_net₊nn₊p[29],-0.01773289447732557
model₊cond_net₊nn₊p[30],2.5925606489181518e-9
model₊cond_net₊nn₊p[31],0.08791440474563504
model₊cond_net₊nn₊p[32],0.15339663288169197
model₊cond_net₊nn₊p[33],0.45612193530588546
model₊cond_net₊nn₊p[34],0.11575870102079563
model₊cond_net₊nn₊p[35],0.06079872600032553
model₊cond_net₊nn₊p[36],0.03618573686670529
model₊cond_net₊nn₊p[37],0.05085970593657059
model₊cond_net₊nn₊p[38],0.018942124095436774
model₊cond_net₊nn₊p[39],0.007818894063051397
model₊cond_net₊nn₊p[40],0.07480948874243545
model₊cond_net₊nn₊p[41],0.05330991454632298
model₊cond_net₊nn₊p[42],0.023057022314345667
model₊cond_net₊nn₊p[43],0.06708537571992818
model₊cond_net₊nn₊p[44],0.04168849171248329
model₊cond_net₊nn₊p[45],8.543820679187775e-10
model₊cond_net₊nn₊p[46],-0.2584807774727381
model₊cond_net₊nn₊p[47],-0.28774257952463905
model₊cond_net₊nn₊p[48],-0.6625816128955453
model₊cond_net₊nn₊p[49],-0.12229688961754394
model₊cond_net₊nn₊p[50],-0.08413451261518398
model₊cond_net₊nn₊p[51],-0.16045773488694876
model₊cond_net₊nn₊p[52],-0.11069009700445238
model₊cond_net₊nn₊p[53],0.07868894275927905
model₊cond_net₊nn₊p[54],0.05519370457608694
model₊cond_net₊nn₊p[55],-0.015023580772534377
model₊cond_net₊nn₊p[56],-0.032413840787936105
model₊cond_net₊nn₊p[57],-0.021863704471536963
model₊cond_net₊nn₊p[58],-0.032186673660853996
model₊cond_net₊nn₊p[59],-0.017915165952254328
model₊cond_net₊nn₊p[60],2.0130452513694764e-9
model₊cond_net₊nn₊p[61],0.20220934561088308
model₊cond_net₊nn₊p[62],0.23535975521352628
model₊cond_net₊nn₊p[63],0.612695357229706
model₊cond_net₊nn₊p[64],0.11054612151561467
model₊cond_net₊nn₊p[65],0.06598291407605268
model₊cond_net₊nn₊p[66],0.1299072942762461
model₊cond_net₊nn₊p[67],0.09446565726152752
model₊cond_net₊nn₊p[68],-0.05539179440631651
model₊cond_net₊nn₊p[69],-0.0404463653657017
model₊cond_net₊nn₊p[70],0.0386900237337871
model₊cond_net₊nn₊p[71],0.03591956681810377
model₊cond_net₊nn₊p[72],0.019884548275102495
model₊cond_net₊nn₊p[73],0.04191727128140448
model₊cond_net₊nn₊p[74],0.023983592623246293
model₊cond_net₊nn₊p[75],1.5989264845848084e-9
model₊cond_net₊nn₊p[76],-0.06141344735236325
model₊cond_net₊nn₊p[77],-0.12713358142452869
model₊cond_net₊nn₊p[78],-0.45690347060180747
model₊cond_net₊nn₊p[79],-0.10635395659020243
model₊cond_net₊nn₊p[80],-0.04982332210784645
model₊cond_net₊nn₊p[81],-0.02646923746916818
model₊cond_net₊nn₊p[82],-0.05008630413493586
model₊cond_net₊nn₊p[83],-0.023936561612635434
model₊cond_net₊nn₊p[84],-0.010219702542561746
model₊cond_net₊nn₊p[85],-0.08463548907856022
model₊cond_net₊nn₊p[86],-0.052475937171718716
model₊cond_net₊nn₊p[87],-0.02321503469238696
model₊cond_net₊nn₊p[88],-0.06935436433499237
model₊cond_net₊nn₊p[89],-0.043602260962989206
model₊cond_net₊nn₊p[90],5.536172389984131e-9
model₊cond_net₊nn₊p[91],-0.3091649244266752
model₊cond_net₊nn₊p[92],-0.36407462944364116
model₊cond_net₊nn₊p[93],-0.6117122305900949
model₊cond_net₊nn₊p[94],-0.15534728235067505
model₊cond_net₊nn₊p[95],-0.12212063871541512
model₊cond_net₊nn₊p[96],-0.16441985662261446
model₊cond_net₊nn₊p[97],-0.09433789427217933
model₊cond_net₊nn₊p[98],0.07917859068806231
model₊cond_net₊nn₊p[99],0.05319656035835057
model₊cond_net₊nn₊p[100],0.029635225692168064
model₊cond_net₊nn₊p[101],-0.035059347468384953
model₊cond_net₊nn₊p[102],-0.024091262069114983
model₊cond_net₊nn₊p[103],-0.02333412970871177
model₊cond_net₊nn₊p[104],-0.009179910958377082
model₊cond_net₊nn₊p[105],-7.630337774753571e-10
model₊cond_net₊nn₊p[106],-0.052635895294118225
model₊cond_net₊nn₊p[107],-0.12083099905215314
model₊cond_net₊nn₊p[108],-0.45256536240849593
model₊cond_net₊nn₊p[109],-0.10489905092989671
model₊cond_net₊nn₊p[110],-0.047884043763750876
model₊cond_net₊nn₊p[111],-0.021710349651485966
model₊cond_net₊nn₊p[112],-0.048722238236474265
model₊cond_net₊nn₊p[113],-0.027150994492035722
model₊cond_net₊nn₊p[114],-0.012142043138386063
model₊cond_net₊nn₊p[115],-0.08723659896142642
model₊cond_net₊nn₊p[116],-0.0528128027162923
model₊cond_net₊nn₊p[117],-0.023106570060046225
model₊cond_net₊nn₊p[118],-0.07044594133452203
model₊cond_net₊nn₊p[119],-0.044517381490426645
model₊cond_net₊nn₊p[120],4.2155377566814425e-10
model₊cond_net₊nn₊p[121],-0.19575876193846642
model₊cond_net₊nn₊p[122],-0.23092829337863724
model₊cond_net₊nn₊p[123],-0.6040891933943079
model₊cond_net₊nn₊p[124],-0.11078052608813464
model₊cond_net₊nn₊p[125],-0.06549639447479615
model₊cond_net₊nn₊p[126],-0.12525074374250914
model₊cond_net₊nn₊p[127],-0.09183824665091878
model₊cond_net₊nn₊p[128],0.051334715194903256
model₊cond_net₊nn₊p[129],0.037709911855674426
model₊cond_net₊nn₊p[130],-0.040897198036770804
model₊cond_net₊nn₊p[131],-0.03700349614369846
model₊cond_net₊nn₊p[132],-0.020200043402804943
model₊cond_net₊nn₊p[133],-0.043506164690546474
model₊cond_net₊nn₊p[134],-0.025063696968285108
model₊cond_net₊nn₊p[135],3.5286593437194826e-9
model₊cond_net₊nn₊p[136],-0.25945218700129213
model₊cond_net₊nn₊p[137],-0.28918652890211843
model₊cond_net₊nn₊p[138],-0.6623838665009713
model₊cond_net₊nn₊p[139],-0.12282561793964786
model₊cond_net₊nn₊p[140],-0.08475692132136564
model₊cond_net₊nn₊p[141],-0.1605534619257953
model₊cond_net₊nn₊p[142],-0.11050789699823783
model₊cond_net₊nn₊p[143],0.0787282491892328
model₊cond_net₊nn₊p[144],0.055152990343153005
model₊cond_net₊nn₊p[145],-0.01432223226541185
model₊cond_net₊nn₊p[146],-0.03246090041825829
model₊cond_net₊nn₊p[147],-0.021943912206850116
model₊cond_net₊nn₊p[148],-0.032046279980756445
model₊cond_net₊nn₊p[149],-0.017789954766465225
model₊cond_net₊nn₊p[150],-1.945521980524063e-9
model₊cond_net₊nn₊p[151],-0.3606617701545444
model₊cond_net₊nn₊p[152],-0.41947428066993797
model₊cond_net₊nn₊p[153],-0.6037190928499452
model₊cond_net₊nn₊p[154],-0.19178347999439263
model₊cond_net₊nn₊p[155],-0.15473012397638317
model₊cond_net₊nn₊p[156],-0.18096731002127206
model₊cond_net₊nn₊p[157],-0.09911089093777803
model₊cond_net₊nn₊p[158],0.078960206065999
model₊cond_net₊nn₊p[159],0.05531627051570451
model₊cond_net₊nn₊p[160],0.02917741280087741
model₊cond_net₊nn₊p[161],-0.043051559704689255
model₊cond_net₊nn₊p[162],-0.02955982413205558
model₊cond_net₊nn₊p[163],-0.027146870117530076
model₊cond_net₊nn₊p[164],-0.01254125702555934
model₊cond_net₊nn₊p[165],-2.531227469444275e-9
model₊cond_net₊nn₊p[166],-0.33892326459498073
model₊cond_net₊nn₊p[167],-0.4135730043288621
model₊cond_net₊nn₊p[168],-0.5805601890011687
model₊cond_net₊nn₊p[169],-0.18314868418279767
model₊cond_net₊nn₊p[170],-0.1464587664599478
model₊cond_net₊nn₊p[171],-0.17217722919645886
model₊cond_net₊nn₊p[172],-0.09951599067183708
model₊cond_net₊nn₊p[173],0.06686068712025448
model₊cond_net₊nn₊p[174],0.04404714549043971
model₊cond_net₊nn₊p[175],0.014682195265921833
model₊cond_net₊nn₊p[176],-0.04727671495169742
model₊cond_net₊nn₊p[177],-0.03371777801138589
model₊cond_net₊nn₊p[178],-0.036721759569008805
model₊cond_net₊nn₊p[179],-0.02121547767680841
model₊cond_net₊nn₊p[180],-4.114357754588127e-10
model₊cond_net₊nn₊p[181],-0.3423882434550637
model₊cond_net₊nn₊p[182],-0.41474761450844194
model₊cond_net₊nn₊p[183],-0.5891277616908345
model₊cond_net₊nn₊p[184],-0.18446708253656158
model₊cond_net₊nn₊p[185],-0.14667224323807326
model₊cond_net₊nn₊p[186],-0.17416745454615928
model₊cond_net₊nn₊p[187],-0.10227729863922583
model₊cond_net₊nn₊p[188],0.06881738712819456
model₊cond_net₊nn₊p[189],0.04662359963727327
model₊cond_net₊nn₊p[190],0.008286332377658256
model₊cond_net₊nn₊p[191],-0.04630390152331781
model₊cond_net₊nn₊p[192],-0.03249539523468198
model₊cond_net₊nn₊p[193],-0.03671339660157611
model₊cond_net₊nn₊p[194],-0.02159296724319857
model₊cond_net₊nn₊p[195],5.879523605108261e-10
model₊cond_net₊nn₊p[196],-0.330874509914757
model₊cond_net₊nn₊p[197],-0.39639411179869677
model₊cond_net₊nn₊p[198],-0.6065217284756709
model₊cond_net₊nn₊p[199],-0.17525487344294075
model₊cond_net₊nn₊p[200],-0.13586475237424273
model₊cond_net₊nn₊p[201],-0.17262229956930525
model₊cond_net₊nn₊p[202],-0.10320500130906261
model₊cond_net₊nn₊p[203],0.07226415782871803
model₊cond_net₊nn₊p[204],0.050071065420901624
model₊cond_net₊nn₊p[205],0.0003668941235659561
model₊cond_net₊nn₊p[206],-0.04363659830329713
model₊cond_net₊nn₊p[207],-0.02932193512622741
model₊cond_net₊nn₊p[208],-0.0353455466009313
model₊cond_net₊nn₊p[209],-0.020716340591102972
model₊cond_net₊nn₊p[210],-5.408135056495667e-9
model₊cond_net₊nn₊p[211],-0.2594170918051481
model₊cond_net₊nn₊p[212],-0.29104137236033145
model₊cond_net₊nn₊p[213],-0.6749427293744402
model₊cond_net₊nn₊p[214],-0.12210230624284753
model₊cond_net₊nn₊p[215],-0.08393126701683926
model₊cond_net₊nn₊p[216],-0.16038033178609507
model₊cond_net₊nn₊p[217],-0.11074987609584172
model₊cond_net₊nn₊p[218],0.07864984752090654
model₊cond_net₊nn₊p[219],0.05501706772588155
model₊cond_net₊nn₊p[220],-0.015065184540122402
model₊cond_net₊nn₊p[221],-0.03243296416125659
model₊cond_net₊nn₊p[222],-0.021963870209345464
model₊cond_net₊nn₊p[223],-0.03214991163433424
model₊cond_net₊nn₊p[224],-0.01793977729221366
model₊cond_net₊nn₊p[225],0.0
model₊ploss_net₊nn₊p[1],-0.666929461288121
model₊ploss_net₊nn₊p[2],-0.07494959730055811
model₊ploss_net₊nn₊p[3],0.6579133984908805
model₊ploss_net₊nn₊p[4],0.07036157456612895
model₊ploss_net₊nn₊p[5],0.2933939785231928
model₊ploss_net₊nn₊p[6],0.42075893721245683
model₊ploss_net₊nn₊p[7],-0.6175021399434439
model₊ploss_net₊nn₊p[8],0.6605992471256227
model₊ploss_net₊nn₊p[9],-0.07131863034939935
model₊ploss_net₊nn₊p[10],-0.7339792692297925
model₊ploss_net₊nn₊p[11],0.6451851135892269
model₊ploss_net₊nn₊p[12],0.34668298912731327
model₊ploss_net₊nn₊p[13],-0.4216331606560528
model₊ploss_net₊nn₊p[14],0.3795064747329115
model₊ploss_net₊nn₊p[15],-0.31835523706933394
model₊ploss_net₊nn₊p[16],0.736969138314798
model₊ploss_net₊nn₊p[17],0.5770772356033673
model₊ploss_net₊nn₊p[18],-0.2544811681109728
model₊ploss_net₊nn₊p[19],0.19527736363399936
model₊ploss_net₊nn₊p[20],0.24522380249771047
model₊ploss_net₊nn₊p[21],0.2931480639568469
model₊ploss_net₊nn₊p[22],-0.6081938203460633
model₊ploss_net₊nn₊p[23],-0.16118068120649026
model₊ploss_net₊nn₊p[24],-0.42260313659346443
model₊ploss_net₊nn₊p[25],0.4907710180206076
model₊ploss_net₊nn₊p[26],0.18654126770006008
model₊ploss_net₊nn₊p[27],-0.22292716112648264
model₊ploss_net₊nn₊p[28],-0.6762818328263195
model₊ploss_net₊nn₊p[29],0.4839562093455662
model₊ploss_net₊nn₊p[30],0.31220984167284827
model₊ploss_net₊nn₊p[31],-0.008976952144795816
model₊ploss_net₊nn₊p[32],-0.04362451524702855
model₊ploss_net₊nn₊p[33],0.6051547182512854
model₊ploss_net₊nn₊p[34],-0.6463975512059316
model₊ploss_net₊nn₊p[35],-0.11355189100757865
model₊ploss_net₊nn₊p[36],0.816979536378784
model₊ploss_net₊nn₊p[37],0.618337126539417
model₊ploss_net₊nn₊p[38],0.3156704244719568
model₊ploss_net₊nn₊p[39],-0.22566214732283416
model₊ploss_net₊nn₊p[40],-0.633594818484909
model₊ploss_net₊nn₊p[41],-0.5158700785151641
model₊ploss_net₊nn₊p[42],0.31784035620861084
model₊ploss_net₊nn₊p[43],0.20108865187003983
model₊ploss_net₊nn₊p[44],0.6358453591982368
model₊ploss_net₊nn₊p[45],0.1300876826287835
model₊ploss_net₊nn₊p[46],0.008851045490081432
model₊ploss_net₊nn₊p[47],0.3755671540741516
model₊ploss_net₊nn₊p[48],-0.5481948971637597
model₊ploss_net₊nn₊p[49],0.13712041893189003
model₊ploss_net₊nn₊p[50],-0.11984695583673713
model₊ploss_net₊nn₊p[51],0.6059656982920201
model₊ploss_net₊nn₊p[52],-0.20238942545409785
model₊ploss_net₊nn₊p[53],0.3195887443812297
model₊ploss_net₊nn₊p[54],-0.3945751512697742
model₊ploss_net₊nn₊p[55],0.685819454749063
model₊ploss_net₊nn₊p[56],0.022942455757816633
model₊ploss_net₊nn₊p[57],-0.4021548177741649
model₊ploss_net₊nn₊p[58],0.1714897219663735
model₊ploss_net₊nn₊p[59],0.5354816880837322
model₊ploss_net₊nn₊p[60],0.17895854193942656
model₊ploss_net₊nn₊p[61],-0.7018622019448362
model₊ploss_net₊nn₊p[62],0.6430085040729884
model₊ploss_net₊nn₊p[63],-0.4557701726423614
model₊ploss_net₊nn₊p[64],0.12736446427640202
model₊ploss_net₊nn₊p[65],0.48629928824563023
model₊ploss_net₊nn₊p[66],-0.16188529676919652
model₊ploss_net₊nn₊p[67],-0.11738809901022636
model₊ploss_net₊nn₊p[68],0.07032777161877983
model₊ploss_net₊nn₊p[69],-0.6088384962438647
model₊ploss_net₊nn₊p[70],-0.5867678435078072
model₊ploss_net₊nn₊p[71],-0.32185710652686667
model₊ploss_net₊nn₊p[72],-0.7381022741562667
model₊ploss_net₊nn₊p[73],0.018683985316919047
model₊ploss_net₊nn₊p[74],0.7007870662920809
model₊ploss_net₊nn₊p[75],0.1517929516604058
model₊ploss_net₊nn₊p[76],0.23364134644942094
model₊ploss_net₊nn₊p[77],-0.2834313563884057
model₊ploss_net₊nn₊p[78],-0.44154991148727185
model₊ploss_net₊nn₊p[79],-0.46920516941815565
model₊ploss_net₊nn₊p[80],-0.3801729874215552
model₊ploss_net₊nn₊p[81],-0.30762053134384404
model₊ploss_net₊nn₊p[82],-0.08954033789114356
model₊ploss_net₊nn₊p[83],0.6611190895340268
model₊ploss_net₊nn₊p[84],0.3080962524140183
model₊ploss_net₊nn₊p[85],0.4250931814070768
model₊ploss_net₊nn₊p[86],0.6136788212623617
model₊ploss_net₊nn₊p[87],-0.46108646398543934
model₊ploss_net₊nn₊p[88],0.4402706576742425
model₊ploss_net₊nn₊p[89],0.3841683590807138
model₊ploss_net₊nn₊p[90],0.6135159018143929
model₊ploss_net₊nn₊p[91],0.45017046665202115
model₊ploss_net₊nn₊p[92],-0.5258851485540657
model₊ploss_net₊nn₊p[93],0.2664757299103
model₊ploss_net₊nn₊p[94],0.447640899458402
model₊ploss_net₊nn₊p[95],0.6633855233213589
model₊ploss_net₊nn₊p[96],-0.14051429362513942
model₊ploss_net₊nn₊p[97],-0.7278837239303234
model₊ploss_net₊nn₊p[98],0.4889431766247169
model₊ploss_net₊nn₊p[99],0.5407772463726459
model₊ploss_net₊nn₊p[100],-0.6424187017957276
model₊ploss_net₊nn₊p[101],-0.24353059685673056
model₊ploss_net₊nn₊p[102],0.5246082797389592
model₊ploss_net₊nn₊p[103],0.716717645162126
model₊ploss_net₊nn₊p[104],-0.6196381365416045
model₊ploss_net₊nn₊p[105],-0.10566906304490972
model₊ploss_net₊nn₊p[106],0.6039988381243844
model₊ploss_net₊nn₊p[107],0.23673372131198078
model₊ploss_net₊nn₊p[108],0.6434673754193008
model₊ploss_net₊nn₊p[109],-0.3161116815925758
model₊ploss_net₊nn₊p[110],-0.5646950342737742
model₊ploss_net₊nn₊p[111],-0.19866763944624227
model₊ploss_net₊nn₊p[112],-0.5313403946591713
model₊ploss_net₊nn₊p[113],-0.14362669176345846
model₊ploss_net₊nn₊p[114],0.43033953532300173
model₊ploss_net₊nn₊p[115],-0.39324799347515166
model₊ploss_net₊nn₊p[116],0.2781097905664844
model₊ploss_net₊nn₊p[117],0.5067577550576917
model₊ploss_net₊nn₊p[118],0.4784613762284893
model₊ploss_net₊nn₊p[119],0.544579972352542
model₊ploss_net₊nn₊p[120],0.09296077828779799
model₊ploss_net₊nn₊p[121],0.10258278250136396
model₊ploss_net₊nn₊p[122],-0.0032289124539649754
model₊ploss_net₊nn₊p[123],0.23756133177632477
model₊ploss_net₊nn₊p[124],0.6390153309110198
model₊ploss_net₊nn₊p[125],0.4510331213514977
model₊ploss_net₊nn₊p[126],0.36000059063943
model₊ploss_net₊nn₊p[127],0.21956032897401043
model₊ploss_net₊nn₊p[128],-0.02102224078637388
model₊ploss_net₊nn₊p[129],0.342020290954601
model₊ploss_net₊nn₊p[130],-0.6819996972494106
model₊ploss_net₊nn₊p[131],0.1236809684868998
model₊ploss_net₊nn₊p[132],0.2079043062241753
model₊ploss_net₊nn₊p[133],0.27014670999138096
model₊ploss_net₊nn₊p[134],0.630022507353529
model₊ploss_net₊nn₊p[135],0.42303972212222607
model₊ploss_net₊nn₊p[136],-0.004807420618100859
model₊ploss_net₊nn₊p[137],0.3308587705022224
model₊ploss_net₊nn₊p[138],0.7028660819091038
model₊ploss_net₊nn₊p[139],0.6044322638428931
model₊ploss_net₊nn₊p[140],-0.4910059541136417
model₊ploss_net₊nn₊p[141],-0.29632344756119966
model₊ploss_net₊nn₊p[142],-0.2734632119521766
model₊ploss_net₊nn₊p[143],-0.563139021030522
model₊ploss_net₊nn₊p[144],0.3535074009085016
model₊ploss_net₊nn₊p[145],0.009479745918988916
model₊ploss_net₊nn₊p[146],0.5118885583162224
model₊ploss_net₊nn₊p[147],0.7278041207164073
model₊ploss_net₊nn₊p[148],0.7375212297444048
model₊ploss_net₊nn₊p[149],0.26351404151313396
model₊ploss_net₊nn₊p[150],-0.21618985277945102
model₊ploss_net₊nn₊p[151],0.15376626940811577
model₊ploss_net₊nn₊p[152],-0.23859957525290343
model₊ploss_net₊nn₊p[153],-0.0977208454520178
model₊ploss_net₊nn₊p[154],-0.3220067414239952
model₊ploss_net₊nn₊p[155],0.4007514099424465
model₊ploss_net₊nn₊p[156],0.27103825362169454
model₊ploss_net₊nn₊p[157],0.017592685264141126
model₊ploss_net₊nn₊p[158],0.015062948444911888
model₊ploss_net₊nn₊p[159],0.1348505020920566
model₊ploss_net₊nn₊p[160],0.6399538973684383
model₊ploss_net₊nn₊p[161],0.31291787947871
model₊ploss_net₊nn₊p[162],0.18545102920378856
model₊ploss_net₊nn₊p[163],-0.6048970845563589
model₊ploss_net₊nn₊p[164],-0.7079438606547466
model₊ploss_net₊nn₊p[165],-0.25057460646600055
model₊ploss_net₊nn₊p[166],-0.3909532660459853
model₊ploss_net₊nn₊p[167],-0.5269144135054812
model₊ploss_net₊nn₊p[168],-0.6903753592446382
model₊ploss_net₊nn₊p[169],-0.8514680491098057
model₊ploss_net₊nn₊p[170],0.290750070283556
model₊ploss_net₊nn₊p[171],0.5551168848663309
model₊ploss_net₊nn₊p[172],-0.6565486461965273
model₊ploss_net₊nn₊p[173],-0.005546456405032775
model₊ploss_net₊nn₊p[174],-0.40211997856680964
model₊ploss_net₊nn₊p[175],0.24738742391916113
model₊ploss_net₊nn₊p[176],0.06323496330126308
model₊ploss_net₊nn₊p[177],-0.5683314974198641
model₊ploss_net₊nn₊p[178],-0.3433177763824869
model₊ploss_net₊nn₊p[179],-0.36239861451742406
model₊ploss_net₊nn₊p[180],-0.14193617984505705
model₊ploss_net₊nn₊p[181],0.08889008532539194
model₊ploss_net₊nn₊p[182],-0.1666573459195369
model₊ploss_net₊nn₊p[183],0.3301983820253565
model₊ploss_net₊nn₊p[184],0.7260032460989909
model₊ploss_net₊nn₊p[185],-0.7524542494497682
model₊ploss_net₊nn₊p[186],0.08494786147701285
model₊ploss_net₊nn₊p[187],-0.291760722100253
model₊ploss_net₊nn₊p[188],-0.5575484245460477
model₊ploss_net₊nn₊p[189],-0.5314762644293457
model₊ploss_net₊nn₊p[190],0.7407737654566487
model₊ploss_net₊nn₊p[191],0.10524138521818331
model₊ploss_net₊nn₊p[192],-0.1487898037982654
model₊ploss_net₊nn₊p[193],0.5913458925088441
model₊ploss_net₊nn₊p[194],-0.46033042247161865
model₊ploss_net₊nn₊p[195],0.1283592461374702
model₊ploss_net₊nn₊p[196],-0.8080515635831863
model₊ploss_net₊nn₊p[197],0.6551816586986375
model₊ploss_net₊nn₊p[198],0.6505378545862878
model₊ploss_net₊nn₊p[199],0.22945331230966468
model₊ploss_net₊nn₊p[200],-0.010677373960037059
model₊ploss_net₊nn₊p[201],-0.38414730329756724
model₊ploss_net₊nn₊p[202],0.3124520280486434
model₊ploss_net₊nn₊p[203],-0.6870766931351202
model₊ploss_net₊nn₊p[204],0.7222589609088916
model₊ploss_net₊nn₊p[205],-0.20668709481047193
model₊ploss_net₊nn₊p[206],0.35986440917335155
model₊ploss_net₊nn₊p[207],-0.016590967430178273
model₊ploss_net₊nn₊p[208],-0.4940343428350966
model₊ploss_net₊nn₊p[209],-0.7055581353439162
model₊ploss_net₊nn₊p[210],-0.11364123794855496
model₊ploss_net₊nn₊p[211],-0.3378567606237668
model₊ploss_net₊nn₊p[212],0.4758856361941282
model₊ploss_net₊nn₊p[213],0.0722922741925535
model₊ploss_net₊nn₊p[214],0.2654208634349566
model₊ploss_net₊nn₊p[215],-0.10830916346626707
model₊ploss_net₊nn₊p[216],0.31978166028166327
model₊ploss_net₊nn₊p[217],0.4831484193985276
model₊ploss_net₊nn₊p[218],-0.4241544274301044
model₊ploss_net₊nn₊p[219],-0.5292243167834525
model₊ploss_net₊nn₊p[220],0.5229544025399111
model₊ploss_net₊nn₊p[221],0.14953321140928127
model₊ploss_net₊nn₊p[222],-0.2448942276230951
model₊ploss_net₊nn₊p[223],-0.40935642552993806
model₊ploss_net₊nn₊p[224],-0.02858228720722396
model₊ploss_net₊nn₊p[225],0.0023411903439198908
model₊ploss_net₊nn₊p[226],0.008299989846275151
model₊ploss_net₊nn₊p[227],0.018337046225588936
model₊ploss_net₊nn₊p[228],-0.01985421727931402
model₊ploss_net₊nn₊p[229],0.012150651746884098
model₊ploss_net₊nn₊p[230],0.009886637607134466
model₊ploss_net₊nn₊p[231],-0.0060643597904759435
model₊ploss_net₊nn₊p[232],-0.006171131021030627
model₊ploss_net₊nn₊p[233],0.06907273746932266
model₊ploss_net₊nn₊p[234],-0.016561302644830026
model₊ploss_net₊nn₊p[235],0.02682896208321535
model₊ploss_net₊nn₊p[236],-0.05284039657531108
model₊ploss_net₊nn₊p[237],-0.005449817807518644
model₊ploss_net₊nn₊p[238],0.006446380276228701
model₊ploss_net₊nn₊p[239],-0.0087874214555004
model₊ploss_net₊nn₊p[240],0.00229860867263345
model₊ploss_net₊nn₊p[241],-0.015579361504626195
model₊ploss_net₊nn₊p[242],0.004710779310649307
model₊ploss_net₊nn₊p[243],0.016831545969717573
model₊ploss_net₊nn₊p[244],-0.03233961388105175
model₊ploss_net₊nn₊p[245],-0.011989365332689727
model₊ploss_net₊nn₊p[246],-0.01922272203645856
model₊ploss_net₊nn₊p[247],-0.026531833414869088
model₊ploss_net₊nn₊p[248],0.050720470246887014
model₊ploss_net₊nn₊p[249],0.013839213568801977
model₊ploss_net₊nn₊p[250],-0.0018137575433901819
model₊ploss_net₊nn₊p[251],-0.011946238157055165
model₊ploss_net₊nn₊p[252],0.02425505113730677
model₊ploss_net₊nn₊p[253],-0.21217273135300863
model₊ploss_net₊nn₊p[254],-0.013460147729790308
model₊ploss_net₊nn₊p[255],0.024440765250168306
model₊ploss_net₊nn₊p[256],-0.07684519295289909
model₊ploss_net₊nn₊p[257],0.017492784296362748
model₊ploss_net₊nn₊p[258],0.0010699993108865004
model₊ploss_net₊nn₊p[259],-0.009836434710566083
model₊ploss_net₊nn₊p[260],0.02181037469800779
model₊ploss_net₊nn₊p[261],0.010625397458877306
model₊ploss_net₊nn₊p[262],-0.0010017088878298724
model₊ploss_net₊nn₊p[263],-0.010784215572498297
model₊ploss_net₊nn₊p[264],0.029131638375130872
model₊ploss_net₊nn₊p[265],0.004631828153391551
model₊ploss_net₊nn₊p[266],-0.011204221423607864
model₊ploss_net₊nn₊p[267],-0.02039371203004944
model₊ploss_net₊nn₊p[268],0.04027942626247956
model₊ploss_net₊nn₊p[269],0.008214521105726187
model₊ploss_net₊nn₊p[270],-0.006873761548075719
model₊ploss_net₊nn₊p[271],-0.0182915422395053
model₊ploss_net₊nn₊p[272],0.03639268236657625
model₊ploss_net₊nn₊p[273],-0.07164431270050324
model₊ploss_net₊nn₊p[274],-0.038240180103025254
model₊ploss_net₊nn₊p[275],-0.009751340907512382
model₊ploss_net₊nn₊p[276],0.017318458707722015
model₊ploss_net₊nn₊p[277],-0.006184478490213747
model₊ploss_net₊nn₊p[278],0.0005355528335068978
model₊ploss_net₊nn₊p[279],0.005883352555283768
model₊ploss_net₊nn₊p[280],-0.017833955557630926
model₊ploss_net₊nn₊p[281],0.011920174336018385
model₊ploss_net₊nn₊p[282],-0.0006376897930398911
model₊ploss_net₊nn₊p[283],-0.010087305049236243
model₊ploss_net₊nn₊p[284],0.021860284989332908
model₊ploss_net₊nn₊p[285],0.060458368213193975
model₊ploss_net₊nn₊p[286],0.027889541883471668
model₊ploss_net₊nn₊p[287],0.03147228406043314
model₊ploss_net₊nn₊p[288],-0.08125138897163546
model₊ploss_net₊nn₊p[289],-0.022651501201264433
model₊ploss_net₊nn₊p[290],-0.001025888287293786
model₊ploss_net₊nn₊p[291],0.010854059300261341
model₊ploss_net₊nn₊p[292],-0.021814518766115704
model₊ploss_net₊nn₊p[293],0.01559812427849506
model₊ploss_net₊nn₊p[294],-0.001711856549303078
model₊ploss_net₊nn₊p[295],-0.013117775085029327
model₊ploss_net₊nn₊p[296],0.026484781665803408
model₊ploss_net₊nn₊p[297],-0.016679504037388576
model₊ploss_net₊nn₊p[298],0.0014882892753226677
model₊ploss_net₊nn₊p[299],0.01253417850059278
model₊ploss_net₊nn₊p[300],-0.026436706242812802
model₊ploss_net₊nn₊p[301],0.014320598285945238
model₊ploss_net₊nn₊p[302],-0.002179069618115899
model₊ploss_net₊nn₊p[303],-0.013000725274647953
model₊ploss_net₊nn₊p[304],0.026025157648967318
model₊ploss_net₊nn₊p[305],0.01542147367800809
model₊ploss_net₊nn₊p[306],-0.00044643884905556605
model₊ploss_net₊nn₊p[307],-0.011113929071765245
model₊ploss_net₊nn₊p[308],0.022716322387241927
model₊cap_block₊caps[1],-5.567401583928786
model₊cap_block₊caps[2],-5.170179826064866
model₊cap_block₊caps[3],-5.199494603035761
model₊cap_block₊caps[4],-5.278613120999337
u0_stripe_1,0.17237831173286883
u0_stripe_2,0.13818626601743708
u0_stripe_3,0.11211163453871766
u0_stripe_4,0.14019676757797503
u0_stripe_5,0.2317239826940961
u0_stripe_6,0.17833931421905763
u0_stripe_7,0.13389521817685907
u0_stripe_8,0.16263971598622237
u0_stripe_9,0.26914209970632197
u0_stripe_10,0.20672797646084104
u0_stripe_11,0.15144962595462305
u0_stripe_12,0.18473693243649525
u0_stripe_13,0.29355884374948343
u0_stripe_14,0.2265566346040884
u0_stripe_15,0.1645697669030772
u0_stripe_16,0.20530944513946991
u0_stripe_17,0.31053388580443086
u0_stripe_18,0.24144790795703555
u0_stripe_19,0.17463940492159583
u0_stripe_20,0.2244103000275179
u0_stripe_21,0.3220383920131005
u0_stripe_22,0.2517297142376148
u0_stripe_23,0.18154902212510587
u0_stripe_24,0.24126658866424086
u0_stripe_25,0.3303717992748418
u0_stripe_26,0.2595464327899732
u0_stripe_27,0.1868754867190905
u0_stripe_28,0.25559703422965224
u0_stripe_29,0.3368765326802018
u0_stripe_30,0.2658481556725007
u0_stripe_31,0.19153635481559805
u0_stripe_32,0.2681655381008776
u0_stripe_33,0.3415367389086412
u0_stripe_34,0.2702675755318115
u0_stripe_35,0.1945377966800816
u0_stripe_36,0.27876036005660126
u0_stripe_37,0.3435420119035338
u0_stripe_38,0.2723776273363926
u0_stripe_39,0.19530210319824404
u0_stripe_40,0.287087303585138
u0_stripe_41,0.34560207236748175
u0_stripe_42,0.27464538213902995
u0_stripe_43,0.19703527696013354
u0_stripe_44,0.2943060057972058
u0_stripe_45,0.3484340262194402
u0_stripe_46,0.27725761985518504
u0_stripe_47,0.19941790566453613
u0_stripe_48,0.3010392885498631
u0_stripe_49,0.35089642362857454
u0_stripe_50,0.27982549525754474
u0_stripe_51,0.20148537661514446
u0_stripe_52,0.30706058185644736
u0_stripe_53,0.3527861215273933
u0_stripe_54,0.28194354724430376
u0_stripe_55,0.20314960245124272
u0_stripe_56,0.31223670015749516
u0_stripe_57,0.3547909596885863
u0_stripe_58,0.28362459180732286
u0_stripe_59,0.20473792636700452
u0_stripe_60,0.3168283136674967
u0_stripe_61,0.35616902652408056
u0_stripe_62,0.2852186925771035
u0_stripe_63,0.20554611285864371
u0_stripe_64,0.32035262015401883
u0_stripe_65,0.3573916386628646
u0_stripe_66,0.2860945857035195
u0_stripe_67,0.2063647930433295
u0_stripe_68,0.32353210806693106
u0_stripe_69,0.35800670549422897
u0_stripe_70,0.2868300514824526
u0_stripe_71,0.20677402565717456
u0_stripe_72,0.3262559573705203
u0_stripe_73,0.35803057876964994
u0_stripe_74,0.28702373462721764
u0_stripe_75,0.20640711311828538
u0_stripe_76,0.3282880043411402
u0_stripe_77,0.35852337926297867
u0_stripe_78,0.2875002659151203
u0_stripe_79,0.20706057919180865
u0_stripe_80,0.33007514842081065
u0_stripe_81,0.3587906506467542
u0_stripe_82,0.2877757260897951
u0_stripe_83,0.20739399720701665
u0_stripe_84,0.3315970887374094
u0_stripe_85,0.3593010099475685
u0_stripe_86,0.2881891607919628
u0_stripe_87,0.20772850197731246
u0_stripe_88,0.3330315511581854
u0_stripe_89,0.3589384970148711
u0_stripe_90,0.2878575299680785
u0_stripe_91,0.20721369334247156
u0_stripe_92,0.3335480604226386
u0_stripe_93,0.3592397377289983
u0_stripe_94,0.28831051416699083
u0_stripe_95,0.20757749176592882
u0_stripe_96,0.33456514139656374
u0_stripe_97,0.35975229370557676
u0_stripe_98,0.2887959307847738
u0_stripe_99,0.20810704941703545
u0_stripe_100,0.33530009080345297
u0_stripe_101,0.3598688926716087
u0_stripe_102,0.28895453775200103
u0_stripe_103,0.2081531916115547
u0_stripe_104,0.33586972923783287
u0_stripe_105,0.3600827235271327
u0_stripe_106,0.28908259614107457
u0_stripe_107,0.20814898719189348
u0_stripe_108,0.33666079242494906
u0_stripe_109,0.3606206183165402
u0_stripe_110,0.28963314475693397
u0_stripe_111,0.20885960850729224
u0_stripe_112,0.33739699901285397
u0_stripe_113,0.3612605823950108
u0_stripe_114,0.29012685993974424
u0_stripe_115,0.2094782159486695
u0_stripe_116,0.33809371348305456
u0_stripe_117,0.3612647121377657
u0_stripe_118,0.2902008993276264
u0_stripe_119,0.2092888972101934
u0_stripe_120,0.3385929200946971
u0_stripe_121,0.3606246570024493
u0_stripe_122,0.28960532129501415
u0_stripe_123,0.2083791202612448
u0_stripe_124,0.33865835274077083
u0_stripe_125,0.3607025897043418
u0_stripe_126,0.28971871132766946
u0_stripe_127,0.20875561183280308
u0_stripe_128,0.338780968809599
u0_stripe_129,0.3612276032399979
u0_stripe_130,0.29041041151448266
u0_stripe_131,0.20937333556451912
u0_stripe_132,0.33921945798049025
u0_stripe_133,0.36129940481150535
u0_stripe_134,0.2904315263841654
u0_stripe_135,0.20932214015114384
u0_stripe_136,0.3397115098878207
u0_stripe_137,0.36117042516454945
u0_stripe_138,0.2901198620220431
u0_stripe_139,0.20894859059944307
u0_stripe_140,0.3398719978619465
u0_stripe_141,0.361790684870527
u0_stripe_142,0.290760063036727
u0_stripe_143,0.20966964110132597
u0_stripe_144,0.3404370731473355
u0_stripe_145,0.36294116268449744
u0_stripe_146,0.2919491375312101
u0_stripe_147,0.2108353630757362
u0_stripe_148,0.3413828708663809
u0_stripe_149,0.3632741248347535
u0_stripe_150,0.29213768432725445
u0_stripe_151,0.21087868787745231
u0_stripe_152,0.34219049161255893
u0_stripe_153,0.3629360980354275
u0_stripe_154,0.29186591287112335
u0_stripe_155,0.21043220827122466
u0_stripe_156,0.34251947980969566
u0_stripe_157,0.3631737424907221
u0_stripe_158,0.29224717938922995
u0_stripe_159,0.2109846580044021
u0_stripe_160,0.3430001933447656
u0_stripe_161,0.36358718676309926
u0_stripe_162,0.2925403138709524
u0_stripe_163,0.211141251181821
u0_stripe_164,0.34350890685643154
u0_stripe_165,0.3632982226665181
u0_stripe_166,0.29222290881683044
u0_stripe_167,0.21068344723191085
u0_stripe_168,0.34367261679825234
u0_stripe_169,0.3633542221045095
u0_stripe_170,0.29232976632592167
u0_stripe_171,0.21093657783251976
u0_stripe_172,0.34393416370440927
u0_stripe_173,0.3639508893061532
u0_stripe_174,0.2930894674417343
u0_stripe_175,0.2118165282103458
u0_stripe_176,0.34457286677336807
u0_stripe_177,0.3645825588201257
u0_stripe_178,0.29357866101185576
u0_stripe_179,0.21251321664302206
u0_stripe_180,0.34521342402976324
u0_stripe_181,0.36469388038574124
u0_stripe_182,0.29360173079484936
u0_stripe_183,0.21200786955595924
u0_stripe_184,0.34578864196126957
u0_stripe_185,0.3645534593245526
u0_stripe_186,0.2934992873840829
u0_stripe_187,0.21175767443315865
u0_stripe_188,0.3458117403233565
u0_stripe_189,0.36484482107003496
u0_stripe_190,0.2935389689389012
u0_stripe_191,0.21205986049977388
u0_stripe_192,0.345897293118608
u0_stripe_193,0.36445107529453125
u0_stripe_194,0.2932673365939591
u0_stripe_195,0.2116899764252048
u0_stripe_196,0.3456675489584132
u0_stripe_197,0.3636047822882139
u0_stripe_198,0.2925253800610814
u0_stripe_199,0.2108004043775895
u0_stripe_200,0.3453771130189972
u0_stripe_201,0.36296956498784877
u0_stripe_202,0.29190651480986096
u0_stripe_203,0.21019631091254992
u0_stripe_204,0.3446218337270703
u0_stripe_205,0.3635710803896374
u0_stripe_206,0.29254471069917687
u0_stripe_207,0.21118453000331916
u0_stripe_208,0.34485807392680184
u0_stripe_209,0.36371602364812217
u0_stripe_210,0.2926538368309155
u0_stripe_211,0.2112986335296531
u0_stripe_212,0.34509795574106644
u0_stripe_213,0.36325411222842047
u0_stripe_214,0.2924165055102607
u0_stripe_215,0.2107015140273486
u0_stripe_216,0.34512772054439833
u0_stripe_217,0.3633181036613124
u0_stripe_218,0.2922838683181961
u0_stripe_219,0.2108478069849395
u0_stripe_220,0.34490809937072564
u0_stripe_221,0.3638359449575297
u0_stripe_222,0.2925238661372137
u0_stripe_223,0.21117307284281903
u0_stripe_224,0.3448386978824374
u0_stripe_225,0.36215245545257285
u0_stripe_226,0.2915957047896516
u0_stripe_227,0.20997658734252006
u0_stripe_228,0.34437090913556373
u0_stripe_229,0.31914619027574304
u0_stripe_230,0.2696696414175826
u0_stripe_231,0.20229489752082322
u0_stripe_232,0.3341823815456122
u0_stripe_233,0.2944942863478438
u0_stripe_234,0.25452500507455106
u0_stripe_235,0.19446310562748714
u0_stripe_236,0.3245666069325665
u0_stripe_237,0.28004645943552026
u0_stripe_238,0.24398576340059772
u0_stripe_239,0.18810432650314135
u0_stripe_240,0.3153006391846137
u0_stripe_241,0.27025835043945257
u0_stripe_242,0.23565960457656318
u0_stripe_243,0.18210224958724872
u0_stripe_244,0.30657243138665335
u0_stripe_245,0.2635578666538708
u0_stripe_246,0.22994494187850903
u0_stripe_247,0.1779586692382194
u0_stripe_248,0.2988354330204062
u0_stripe_249,0.2595790730494454
u0_stripe_250,0.2265068501103893
u0_stripe_251,0.17525294726774587
u0_stripe_252,0.29236879236340735
u0_stripe_253,0.256880057612155
u0_stripe_254,0.22409916798193583
u0_stripe_255,0.17346577476018313
u0_stripe_256,0.2867257842376937
u0_stripe_257,0.2544021861263517
u0_stripe_258,0.22164392310292108
u0_stripe_259,0.17118335741090732
u0_stripe_260,0.28177239869069803
u0_stripe_261,0.25246144949023747
u0_stripe_262,0.2196897530418313
u0_stripe_263,0.16960434741882707
u0_stripe_264,0.27783644523505713
u0_stripe_265,0.25179097059919114
u0_stripe_266,0.21880048117882836
u0_stripe_267,0.1688700880939549
u0_stripe_268,0.2747588929361123
u0_stripe_269,0.2512122048813826
u0_stripe_270,0.2184674281517391
u0_stripe_271,0.16863095204877646
u0_stripe_272,0.27247368851345294
u0_stripe_273,0.25161819713632555
u0_stripe_274,0.21884046409170133
u0_stripe_275,0.1689980056612877
u0_stripe_276,0.27120314761454356
u0_stripe_277,0.25095054653367505
u0_stripe_278,0.21798351168480803
u0_stripe_279,0.168079789134268
u0_stripe_280,0.26971038567711636
u0_stripe_281,0.25029132587274405
u0_stripe_282,0.21740156520530818
u0_stripe_283,0.16758172277493197
u0_stripe_284,0.2684638556406256
u0_stripe_285,0.25048721673876073
u0_stripe_286,0.21734478103994426
u0_stripe_287,0.167685289733481
u0_stripe_288,0.26754431301498544
u0_stripe_289,0.25064097032811555
u0_stripe_290,0.21751268825350759
u0_stripe_291,0.1679097947147067
u0_stripe_292,0.26678292353110045
u0_stripe_293,0.25054371026175154
u0_stripe_294,0.21750948890807587
u0_stripe_295,0.16767094343371822
u0_stripe_296,0.2664183116515892
u0_stripe_297,0.2503492367330478
u0_stripe_298,0.21728688708944027
u0_stripe_299,0.1674039835389042
u0_stripe_300,0.26594723479558674
u0_stripe_301,0.25081372389183304
u0_stripe_302,0.21774741370784334
u0_stripe_303,0.16791244114136386
u0_stripe_304,0.2662250735097317
u0_stripe_305,0.2513238075826322
u0_stripe_306,0.21823208445450704
u0_stripe_307,0.16848023140004437
u0_stripe_308,0.2662646406637135
u0_stripe_309,0.25159142399633094
u0_stripe_310,0.21864950044606007
u0_stripe_311,0.16882330894714603
u0_stripe_312,0.26626504434770704
u0_stripe_313,0.25160069814073527
u0_stripe_314,0.21845418507610279
u0_stripe_315,0.16869137703054304
u0_stripe_316,0.26638042138614204
u0_stripe_317,0.25101694858182333
u0_stripe_318,0.21782292789613214
u0_stripe_319,0.16785977203097732
u0_stripe_320,0.2660687431655872
u0_stripe_321,0.2509625113754658
u0_stripe_322,0.21787501636068374
u0_stripe_323,0.1678977031027133
u0_stripe_324,0.26590373113341664
u0_stripe_325,0.25103359036418005
u0_stripe_326,0.21812220940675198
u0_stripe_327,0.16817981292607873
u0_stripe_328,0.26578290322132336
u0_stripe_329,0.25062147023692416
u0_stripe_330,0.21759578829568263
u0_stripe_331,0.167708077022217
u0_stripe_332,0.2654945692118087
u0_stripe_333,0.2501608106115753
u0_stripe_334,0.21713747098556774
u0_stripe_335,0.1673212258608258
u0_stripe_336,0.2652313970201534
u0_stripe_337,0.25000691376085404
u0_stripe_338,0.2169075164410862
u0_stripe_339,0.16723631523705618
u0_stripe_340,0.26492202262454173
u0_stripe_341,0.2503343258133111
u0_stripe_342,0.2172442728103145
u0_stripe_343,0.16773925287888566
u0_stripe_344,0.26494518934778105
u0_stripe_345,0.2508998754044481
u0_stripe_346,0.2180106998069162
u0_stripe_347,0.1683832389904246
u0_stripe_348,0.26525444806240017
u0_stripe_349,0.2507038274999458
u0_stripe_350,0.21771510242547285
u0_stripe_351,0.16792523011621155
u0_stripe_352,0.26529651360439255
u0_stripe_353,0.2503806293451421
u0_stripe_354,0.21734420711834243
u0_stripe_355,0.16740469903543248
u0_stripe_356,0.2652614499501499
u0_stripe_357,0.25038795765872657
u0_stripe_358,0.21732399518938056
u0_stripe_359,0.16742831746069153
u0_stripe_360,0.2651652912451837
u0_stripe_361,0.25057552560640955
u0_stripe_362,0.2176074023270062
u0_stripe_363,0.16786724751528365
u0_stripe_364,0.2653044830133434
u0_stripe_365,0.2501086585096303
u0_stripe_366,0.21705488858566427
u0_stripe_367,0.16724338682973394
u0_stripe_368,0.2648906562949675
u0_stripe_369,0.24884284936099196
u0_stripe_370,0.21597865366291774
u0_stripe_371,0.166090275917207
u0_stripe_372,0.26387392799367
u0_stripe_373,0.24844388424017994
u0_stripe_374,0.21550605166542575
u0_stripe_375,0.16573741321981156
u0_stripe_376,0.2631376462395414
u0_stripe_377,0.24843154217943914
u0_stripe_378,0.21549025683787046
u0_stripe_379,0.1658944565738373
u0_stripe_380,0.2627868235995028
